hour_ts,relative_humidity_2m,wind_speed_10m,is_day,sunshine_duration,temperature_2m,cloud_cover,rain,weather_code,date
2026-02-01T00:00,91,2.8,0,0.0,13.3,90,0.3,51,2026-02-01
2026-02-01T01:00,86,13.0,0,0.0,13.7,79,3.7,63,2026-02-01
2026-02-01T02:00,83,12.0,0,0.0,13.8,82,0.7,53,2026-02-01
2026-02-01T03:00,84,3.7,0,0.0,12.7,97,4.2,63,2026-02-01
2026-02-01T04:00,87,3.7,0,0.0,12.4,58,0.0,2,2026-02-01
2026-02-01T05:00,94,9.0,0,0.0,13.0,72,4.1,63,2026-02-01
2026-02-01T06:00,93,7.1,0,0.0,12.9,30,0.2,51,2026-02-01
2026-02-01T07:00,92,8.7,1,0.0,12.9,20,0.0,1,2026-02-01
2026-02-01T08:00,90,9.4,1,3600.0,14.0,33,0.0,1,2026-02-01
2026-02-01T09:00,88,5.3,1,3600.0,15.5,23,0.0,1,2026-02-01
2026-02-01T10:00,80,6.2,1,3600.0,17.6,28,0.0,1,2026-02-01
2026-02-01T11:00,72,8.9,1,3600.0,18.3,20,0.0,1,2026-02-01
2026-02-01T12:00,68,8.2,1,3600.0,19.3,13,0.0,0,2026-02-01
2026-02-01T13:00,67,7.3,1,3600.0,20.1,8,0.0,0,2026-02-01
2026-02-01T14:00,66,6.0,1,3600.0,20.7,4,0.0,0,2026-02-01
2026-02-01T15:00,66,4.3,1,3600.0,20.8,14,0.0,0,2026-02-01
2026-02-01T16:00,68,3.4,1,3600.0,20.6,87,0.0,3,2026-02-01
2026-02-01T17:00,78,3.6,1,3600.0,19.4,21,0.0,1,2026-02-01
2026-02-01T18:00,83,4.0,0,0.0,17.6,5,0.0,0,2026-02-01
2026-02-01T19:00,87,3.2,0,0.0,16.7,2,0.0,0,2026-02-01
2026-02-01T20:00,89,3.1,0,0.0,15.9,1,0.0,0,2026-02-01
2026-02-01T21:00,90,1.8,0,0.0,15.4,0,0.0,0,2026-02-01
2026-02-01T22:00,91,1.3,0,0.0,15.0,0,0.0,0,2026-02-01
2026-02-01T23:00,95,2.9,0,0.0,14.3,0,0.0,0,2026-02-01
2026-02-02T00:00,95,0.6,0,0.0,14.2,0,0.0,0,2026-02-02
2026-02-02T01:00,98,5.1,0,0.0,13.8,32,0.0,1,2026-02-02
2026-02-02T02:00,100,4.3,0,0.0,13.5,100,0.0,3,2026-02-02
2026-02-02T03:00,100,2.2,0,0.0,12.8,100,0.0,3,2026-02-02
2026-02-02T04:00,99,1.0,0,0.0,12.7,100,0.0,3,2026-02-02
2026-02-02T05:00,97,2.9,0,0.0,13.2,100,0.0,3,2026-02-02
2026-02-02T06:00,95,2.5,0,0.0,13.4,100,0.0,3,2026-02-02
2026-02-02T07:00,95,3.1,1,0.0,13.2,100,0.0,3,2026-02-02
2026-02-02T08:00,97,4.1,1,0.0,13.5,100,0.0,3,2026-02-02
2026-02-02T09:00,96,6.5,1,44.61,14.2,100,0.0,3,2026-02-02
2026-02-02T10:00,93,8.1,1,2445.24,15.4,100,0.0,3,2026-02-02
2026-02-02T11:00,89,8.6,1,3600.0,16.3,100,0.0,3,2026-02-02
2026-02-02T12:00,82,8.7,1,3600.0,17.8,100,0.0,3,2026-02-02
2026-02-02T13:00,74,7.6,1,3600.0,18.8,66,0.0,2,2026-02-02
2026-02-02T14:00,69,6.9,1,3600.0,19.5,99,0.0,3,2026-02-02
2026-02-02T15:00,68,6.4,1,3600.0,19.7,40,0.0,1,2026-02-02
2026-02-02T16:00,69,6.7,1,3600.0,19.4,86,0.0,3,2026-02-02
2026-02-02T17:00,76,6.8,1,3600.0,17.5,97,0.0,3,2026-02-02
2026-02-02T18:00,83,5.5,0,0.0,16.0,78,0.0,2,2026-02-02
2026-02-02T19:00,86,6.0,0,0.0,15.5,47,0.0,1,2026-02-02
2026-02-02T20:00,88,5.8,0,0.0,14.7,0,0.0,0,2026-02-02
2026-02-02T21:00,90,5.9,0,0.0,14.1,0,0.0,0,2026-02-02
2026-02-02T22:00,92,5.5,0,0.0,13.4,0,0.0,0,2026-02-02
2026-02-02T23:00,95,5.0,0,0.0,13.0,0,0.0,0,2026-02-02
2026-02-03T00:00,95,5.1,0,0.0,12.9,0,0.0,0,2026-02-03
2026-02-03T01:00,95,5.1,0,0.0,12.3,0,0.0,0,2026-02-03
2026-02-03T02:00,95,3.5,0,0.0,11.9,0,0.0,0,2026-02-03
2026-02-03T03:00,96,4.6,0,0.0,11.5,0,0.0,0,2026-02-03
2026-02-03T04:00,97,5.1,0,0.0,10.4,0,0.0,0,2026-02-03
2026-02-03T05:00,100,5.4,0,0.0,10.7,100,0.0,3,2026-02-03
2026-02-03T06:00,99,6.4,0,0.0,10.4,100,0.0,3,2026-02-03
2026-02-03T07:00,98,6.6,1,0.0,10.5,100,0.0,3,2026-02-03
2026-02-03T08:00,98,5.2,1,872.82,11.3,100,0.0,3,2026-02-03
2026-02-03T09:00,98,3.8,1,2443.23,12.1,100,0.0,3,2026-02-03
2026-02-03T10:00,89,3.1,1,3600.0,14.6,65,0.0,2,2026-02-03
2026-02-03T11:00,82,3.5,1,3600.0,16.3,38,0.0,1,2026-02-03
2026-02-03T12:00,74,4.3,1,3600.0,17.9,2,0.0,0,2026-02-03
2026-02-03T13:00,65,5.6,1,3600.0,18.8,13,0.0,0,2026-02-03
2026-02-03T14:00,61,5.8,1,3600.0,19.4,13,0.0,0,2026-02-03
2026-02-03T15:00,58,3.8,1,3600.0,19.6,34,0.0,1,2026-02-03
2026-02-03T16:00,57,2.7,1,3600.0,19.4,56,0.0,2,2026-02-03
2026-02-03T17:00,65,1.7,1,3600.0,18.6,100,0.0,3,2026-02-03
2026-02-03T18:00,66,2.2,0,0.0,17.1,100,0.0,3,2026-02-03
2026-02-03T19:00,69,2.5,0,0.0,16.2,100,0.0,3,2026-02-03
2026-02-03T20:00,74,3.1,0,0.0,15.6,100,0.0,3,2026-02-03
2026-02-03T21:00,77,3.3,0,0.0,15.1,100,0.0,3,2026-02-03
2026-02-03T22:00,79,3.3,0,0.0,14.5,11,0.0,0,2026-02-03
2026-02-03T23:00,82,1.9,0,0.0,14.1,39,0.0,1,2026-02-03
2026-02-04T00:00,83,1.4,0,0.0,13.5,20,0.0,1,2026-02-04
2026-02-04T01:00,88,2.8,0,0.0,12.5,80,0.0,3,2026-02-04
2026-02-04T02:00,91,3.1,0,0.0,11.7,87,0.0,3,2026-02-04
2026-02-04T03:00,92,3.1,0,0.0,11.4,81,0.0,3,2026-02-04
2026-02-04T04:00,92,3.3,0,0.0,11.1,87,0.0,3,2026-02-04
2026-02-04T05:00,93,4.8,0,0.0,11.1,80,0.0,3,2026-02-04
2026-02-04T06:00,93,5.2,0,0.0,10.8,36,0.0,1,2026-02-04
2026-02-04T07:00,93,5.4,1,0.0,10.7,14,0.0,0,2026-02-04
2026-02-04T08:00,88,7.8,1,3600.0,12.7,0,0.0,0,2026-02-04
2026-02-04T09:00,84,4.3,1,3600.0,14.8,0,0.0,0,2026-02-04
2026-02-04T10:00,76,4.7,1,3600.0,17.0,0,0.0,0,2026-02-04
2026-02-04T11:00,66,6.8,1,3600.0,18.2,0,0.0,0,2026-02-04
2026-02-04T12:00,60,8.1,1,3600.0,19.2,0,0.0,0,2026-02-04
2026-02-04T13:00,56,8.7,1,3600.0,19.9,0,0.0,0,2026-02-04
2026-02-04T14:00,54,9.8,1,3600.0,20.2,0,0.0,0,2026-02-04
2026-02-04T15:00,54,9.8,1,3600.0,20.1,0,0.0,0,2026-02-04
2026-02-04T16:00,56,9.4,1,3600.0,19.5,0,0.0,0,2026-02-04
2026-02-04T17:00,62,6.9,1,3600.0,18.5,0,0.0,0,2026-02-04
2026-02-04T18:00,71,6.8,0,0.0,16.6,0,0.0,0,2026-02-04
2026-02-04T19:00,76,6.9,0,0.0,15.8,0,0.0,0,2026-02-04
2026-02-04T20:00,79,7.9,0,0.0,15.1,0,0.0,0,2026-02-04
2026-02-04T21:00,81,8.3,0,0.0,14.4,0,0.0,0,2026-02-04
2026-02-04T22:00,83,7.8,0,0.0,13.7,0,0.0,0,2026-02-04
2026-02-04T23:00,85,7.4,0,0.0,13.4,0,0.0,0,2026-02-04
2026-02-05T00:00,86,8.4,0,0.0,13.2,0,0.0,0,2026-02-05
2026-02-05T01:00,87,8.4,0,0.0,12.7,0,0.0,0,2026-02-05
2026-02-05T02:00,88,8.6,0,0.0,12.3,0,0.0,0,2026-02-05
2026-02-05T03:00,88,8.8,0,0.0,11.9,0,0.0,0,2026-02-05
2026-02-05T04:00,89,9.0,0,0.0,11.5,0,0.0,0,2026-02-05
2026-02-05T05:00,88,9.9,0,0.0,11.0,0,0.0,0,2026-02-05
2026-02-05T06:00,88,9.1,0,0.0,10.7,0,0.0,0,2026-02-05
2026-02-05T07:00,87,8.7,1,0.0,10.6,0,0.0,0,2026-02-05
2026-02-05T08:00,85,9.3,1,3600.0,11.8,0,0.0,0,2026-02-05
2026-02-05T09:00,79,7.1,1,3600.0,13.8,0,0.0,0,2026-02-05
2026-02-05T10:00,72,7.0,1,3600.0,16.0,0,0.0,0,2026-02-05
2026-02-05T11:00,63,8.6,1,3600.0,18.5,0,0.0,0,2026-02-05
2026-02-05T12:00,54,9.9,1,3600.0,20.0,0,0.0,0,2026-02-05
2026-02-05T13:00,48,10.5,1,3600.0,20.9,0,0.0,0,2026-02-05
2026-02-05T14:00,44,11.5,1,3600.0,21.3,0,0.0,0,2026-02-05
2026-02-05T15:00,45,11.9,1,3600.0,21.0,0,0.0,0,2026-02-05
2026-02-05T16:00,48,10.7,1,3600.0,20.4,72,0.0,2,2026-02-05
2026-02-05T17:00,55,7.7,1,3600.0,19.1,0,0.0,0,2026-02-05
2026-02-05T18:00,67,6.4,0,0.0,16.7,0,0.0,0,2026-02-05
2026-02-05T19:00,72,6.4,0,0.0,15.8,0,0.0,0,2026-02-05
2026-02-05T20:00,72,6.7,0,0.0,15.3,0,0.0,0,2026-02-05
2026-02-05T21:00,72,7.0,0,0.0,14.8,0,0.0,0,2026-02-05
2026-02-05T22:00,73,6.9,0,0.0,14.1,0,0.0,0,2026-02-05
2026-02-05T23:00,78,6.6,0,0.0,13.3,0,0.0,0,2026-02-05
2026-02-06T00:00,77,6.7,0,0.0,13.1,0,0.0,0,2026-02-06
2026-02-06T01:00,79,6.3,0,0.0,12.5,0,0.0,0,2026-02-06
2026-02-06T02:00,80,6.6,0,0.0,12.1,0,0.0,0,2026-02-06
2026-02-06T03:00,81,7.1,0,0.0,11.8,0,0.0,0,2026-02-06
2026-02-06T04:00,81,7.2,0,0.0,11.5,0,0.0,0,2026-02-06
2026-02-06T05:00,83,8.0,0,0.0,11.1,0,0.0,0,2026-02-06
2026-02-06T06:00,83,8.8,0,0.0,10.9,0,0.0,0,2026-02-06
2026-02-06T07:00,83,9.9,1,0.0,10.8,0,0.0,0,2026-02-06
2026-02-06T08:00,76,11.2,1,3600.0,12.4,0,0.0,0,2026-02-06
2026-02-06T09:00,71,9.4,1,3600.0,14.7,0,0.0,0,2026-02-06
2026-02-06T10:00,63,9.3,1,3600.0,17.3,0,0.0,0,2026-02-06
2026-02-06T11:00,55,10.9,1,3600.0,20.2,0,0.0,0,2026-02-06
2026-02-06T12:00,47,12.9,1,3600.0,21.8,0,0.0,0,2026-02-06
2026-02-06T13:00,44,14.4,1,3600.0,22.5,0,0.0,0,2026-02-06
2026-02-06T14:00,45,13.8,1,3600.0,22.6,0,0.0,0,2026-02-06
2026-02-06T15:00,48,12.9,1,3600.0,22.3,0,0.0,0,2026-02-06
2026-02-06T16:00,52,11.6,1,3600.0,21.7,0,0.0,0,2026-02-06
2026-02-06T17:00,56,8.9,1,3600.0,20.5,0,0.0,0,2026-02-06
2026-02-06T18:00,65,7.7,0,0.0,18.6,0,0.0,0,2026-02-06
2026-02-06T19:00,71,7.2,0,0.0,17.7,0,0.0,0,2026-02-06
2026-02-06T20:00,71,7.5,0,0.0,17.1,0,0.0,0,2026-02-06
2026-02-06T21:00,71,7.4,0,0.0,16.6,0,0.0,0,2026-02-06
2026-02-06T22:00,71,7.7,0,0.0,16.1,0,0.0,0,2026-02-06
2026-02-06T23:00,73,7.4,0,0.0,15.8,0,0.0,0,2026-02-06
2026-02-07T00:00,74,7.0,0,0.0,15.1,0,0.0,0,2026-02-07
2026-02-07T01:00,77,6.7,0,0.0,14.5,4,0.0,0,2026-02-07
2026-02-07T02:00,79,6.9,0,0.0,13.9,34,0.0,1,2026-02-07
2026-02-07T03:00,82,8.1,0,0.0,13.3,23,0.0,1,2026-02-07
2026-02-07T04:00,84,9.0,0,0.0,12.7,37,0.0,1,2026-02-07
2026-02-07T05:00,86,9.4,0,0.0,12.6,64,0.0,2,2026-02-07
2026-02-07T06:00,86,9.1,0,0.0,12.5,38,0.0,1,2026-02-07
2026-02-07T07:00,86,9.4,1,0.0,12.5,34,0.0,1,2026-02-07
2026-02-07T08:00,83,10.5,1,3600.0,13.8,82,0.0,3,2026-02-07
2026-02-07T09:00,75,8.5,1,3600.0,16.1,5,0.0,0,2026-02-07
2026-02-07T10:00,67,8.6,1,3600.0,18.5,7,0.0,0,2026-02-07
2026-02-07T11:00,59,10.3,1,3600.0,20.8,0,0.0,0,2026-02-07
2026-02-07T12:00,53,11.4,1,3600.0,22.3,0,0.0,0,2026-02-07
2026-02-07T13:00,47,13.0,1,3600.0,23.3,0,0.0,0,2026-02-07
2026-02-07T14:00,46,14.7,1,3600.0,23.6,0,0.0,0,2026-02-07
2026-02-07T15:00,45,15.1,1,3600.0,23.5,0,0.0,0,2026-02-07
2026-02-07T16:00,48,13.6,1,3600.0,22.8,0,0.0,0,2026-02-07
2026-02-07T17:00,53,9.3,1,3600.0,21.6,0,0.0,0,2026-02-07
2026-02-07T18:00,63,7.6,0,0.0,19.7,0,0.0,0,2026-02-07
2026-02-07T19:00,67,7.7,0,0.0,18.8,0,0.0,0,2026-02-07
2026-02-07T20:00,64,9.1,0,0.0,18.4,0,0.0,0,2026-02-07
2026-02-07T21:00,66,8.1,0,0.0,17.6,0,0.0,0,2026-02-07
2026-02-07T22:00,72,7.7,0,0.0,16.8,0,0.0,0,2026-02-07
2026-02-07T23:00,79,6.9,0,0.0,16.0,0,0.0,0,2026-02-07
2026-02-08T00:00,79,6.8,0,0.0,15.5,0,0.0,0,2026-02-08
2026-02-08T01:00,77,6.4,0,0.0,14.8,0,0.0,0,2026-02-08
2026-02-08T02:00,76,6.2,0,0.0,14.1,3,0.0,0,2026-02-08
2026-02-08T03:00,77,6.3,0,0.0,13.5,46,0.0,1,2026-02-08
2026-02-08T04:00,79,6.2,0,0.0,12.7,18,0.0,0,2026-02-08
2026-02-08T05:00,82,6.4,0,0.0,11.9,19,0.0,0,2026-02-08
2026-02-08T06:00,82,7.3,0,0.0,11.6,6,0.0,0,2026-02-08
2026-02-08T07:00,81,8.0,1,0.0,11.4,33,0.0,1,2026-02-08
2026-02-08T08:00,76,9.5,1,3600.0,13.0,70,0.0,2,2026-02-08
2026-02-08T09:00,66,7.0,1,3600.0,15.4,28,0.0,1,2026-02-08
2026-02-08T10:00,56,7.3,1,3600.0,17.9,58,0.0,2,2026-02-08
2026-02-08T11:00,46,9.3,1,3600.0,20.6,97,0.0,3,2026-02-08
2026-02-08T12:00,40,10.8,1,3600.0,21.9,94,0.0,3,2026-02-08
2026-02-08T13:00,35,11.8,1,3600.0,22.6,39,0.0,1,2026-02-08
2026-02-08T14:00,36,11.2,1,3600.0,22.8,13,0.0,0,2026-02-08
2026-02-08T15:00,38,10.6,1,3600.0,22.5,1,0.0,0,2026-02-08
2026-02-08T16:00,40,9.7,1,3600.0,21.9,0,0.0,0,2026-02-08
2026-02-08T17:00,45,7.1,1,3600.0,20.5,0,0.0,0,2026-02-08
2026-02-08T18:00,55,5.4,0,0.0,18.1,0,0.0,0,2026-02-08
2026-02-08T19:00,60,5.5,0,0.0,17.1,0,0.0,0,2026-02-08
2026-02-08T20:00,63,5.6,0,0.0,16.2,6,0.0,0,2026-02-08
2026-02-08T21:00,65,5.5,0,0.0,15.7,38,0.0,1,2026-02-08
2026-02-08T22:00,65,4.6,0,0.0,15.3,88,0.0,3,2026-02-08
2026-02-08T23:00,70,4.6,0,0.0,14.7,77,0.0,2,2026-02-08
2026-02-09T00:00,70,4.1,0,0.0,14.1,37,0.0,1,2026-02-09
2026-02-09T01:00,73,4.3,0,0.0,13.3,39,0.0,1,2026-02-09
2026-02-09T02:00,76,3.8,0,0.0,12.5,34,0.0,1,2026-02-09
2026-02-09T03:00,78,3.4,0,0.0,11.8,68,0.0,2,2026-02-09
2026-02-09T04:00,81,3.8,0,0.0,10.9,70,0.0,2,2026-02-09
2026-02-09T05:00,86,4.1,0,0.0,10.5,100,0.0,3,2026-02-09
2026-02-09T06:00,85,3.7,0,0.0,11.0,99,0.0,3,2026-02-09
2026-02-09T07:00,85,3.9,1,0.0,11.2,100,0.0,3,2026-02-09
2026-02-09T08:00,77,4.5,1,0.0,13.0,100,0.0,3,2026-02-09
2026-02-09T09:00,68,0.2,1,3271.46,15.9,100,0.0,3,2026-02-09
2026-02-09T10:00,52,1.9,1,3600.0,19.2,83,0.0,3,2026-02-09
2026-02-09T11:00,41,4.5,1,3600.0,21.7,100,0.0,3,2026-02-09
2026-02-09T12:00,36,4.9,1,3600.0,23.2,100,0.0,3,2026-02-09
2026-02-09T13:00,35,5.5,1,3600.0,23.7,70,0.0,2,2026-02-09
2026-02-09T14:00,36,6.2,1,3600.0,24.0,45,0.0,1,2026-02-09
2026-02-09T15:00,38,6.7,1,3600.0,23.9,88,0.0,3,2026-02-09
2026-02-09T16:00,41,7.8,1,3600.0,23.2,11,0.0,0,2026-02-09
2026-02-09T17:00,42,8.3,1,3600.0,22.0,1,0.0,0,2026-02-09
2026-02-09T18:00,48,6.8,0,112.94,20.2,0,0.0,0,2026-02-09
2026-02-09T19:00,57,4.4,0,0.0,18.3,3,0.0,0,2026-02-09
2026-02-09T20:00,63,5.0,0,0.0,17.2,2,0.0,0,2026-02-09
2026-02-09T21:00,66,4.9,0,0.0,16.2,2,0.0,0,2026-02-09
2026-02-09T22:00,68,5.1,0,0.0,15.5,1,0.0,0,2026-02-09
2026-02-09T23:00,75,5.7,0,0.0,14.9,0,0.0,0,2026-02-09
2026-02-10T00:00,79,5.2,0,0.0,14.1,0,0.0,0,2026-02-10
2026-02-10T01:00,80,5.2,0,0.0,13.6,2,0.0,0,2026-02-10
2026-02-10T02:00,80,4.6,0,0.0,13.0,13,0.0,0,2026-02-10
2026-02-10T03:00,80,4.5,0,0.0,12.6,58,0.0,2,2026-02-10
2026-02-10T04:00,80,5.6,0,0.0,12.4,92,0.0,3,2026-02-10
2026-02-10T05:00,86,5.3,0,0.0,11.8,99,0.0,3,2026-02-10
2026-02-10T06:00,86,5.0,0,0.0,11.7,34,0.0,1,2026-02-10
2026-02-10T07:00,86,5.0,1,0.0,11.6,5,0.0,0,2026-02-10
2026-02-10T08:00,76,5.9,1,3600.0,13.8,33,0.0,1,2026-02-10
2026-02-10T09:00,63,4.2,1,3600.0,17.0,3,0.0,0,2026-02-10
2026-02-10T10:00,52,5.1,1,3600.0,20.2,0,0.0,0,2026-02-10
2026-02-10T11:00,43,6.1,1,3600.0,22.7,0,0.0,0,2026-02-10
2026-02-10T12:00,35,5.8,1,3600.0,25.0,0,0.0,0,2026-02-10
2026-02-10T13:00,30,5.2,1,3600.0,26.2,0,0.0,0,2026-02-10
2026-02-10T14:00,27,4.3,1,3600.0,26.9,1,0.0,0,2026-02-10
2026-02-10T15:00,26,3.1,1,3600.0,27.2,9,0.0,0,2026-02-10
2026-02-10T16:00,25,1.5,1,3600.0,26.9,19,0.0,0,2026-02-10
2026-02-10T17:00,34,7.2,1,3600.0,25.1,17,0.0,0,2026-02-10
2026-02-10T18:00,47,6.5,0,0.0,22.9,5,0.0,0,2026-02-10
2026-02-10T19:00,54,3.9,0,0.0,21.3,0,0.0,0,2026-02-10
2026-02-10T20:00,60,3.8,0,0.0,20.2,0,0.0,0,2026-02-10
2026-02-10T21:00,65,4.5,0,0.0,19.3,0,0.0,0,2026-02-10
2026-02-10T22:00,68,5.6,0,0.0,18.6,0,0.0,0,2026-02-10
2026-02-10T23:00,76,4.7,0,0.0,17.5,0,0.0,0,2026-02-10
2026-02-11T00:00,79,4.1,0,0.0,16.6,0,0.0,0,2026-02-11
2026-02-11T01:00,80,2.5,0,0.0,16.2,18,0.0,0,2026-02-11
2026-02-11T02:00,79,1.5,0,0.0,16.3,27,0.0,1,2026-02-11
2026-02-11T03:00,80,3.3,0,0.0,16.0,16,0.0,0,2026-02-11
2026-02-11T04:00,82,2.6,0,0.0,15.3,7,0.0,0,2026-02-11
2026-02-11T05:00,84,5.2,0,0.0,14.7,2,0.0,0,2026-02-11
2026-02-11T06:00,84,4.7,0,0.0,14.6,21,0.0,1,2026-02-11
2026-02-11T07:00,81,4.9,1,0.0,15.2,1,0.0,0,2026-02-11
2026-02-11T08:00,71,5.8,1,3600.0,17.2,0,0.0,0,2026-02-11
2026-02-11T09:00,58,4.8,1,3600.0,20.2,0,0.0,0,2026-02-11
2026-02-11T10:00,46,6.8,1,3600.0,23.0,0,0.0,0,2026-02-11
2026-02-11T11:00,37,9.0,1,3600.0,25.1,0,0.0,0,2026-02-11
2026-02-11T12:00,32,9.2,1,3600.0,26.4,0,0.0,0,2026-02-11
2026-02-11T13:00,32,10.1,1,3600.0,27.0,0,0.0,0,2026-02-11
2026-02-11T14:00,31,11.1,1,3600.0,27.1,0,0.0,0,2026-02-11
2026-02-11T15:00,32,11.6,1,3600.0,26.8,0,0.0,0,2026-02-11
2026-02-11T16:00,36,11.6,1,3600.0,25.9,0,0.0,0,2026-02-11
2026-02-11T17:00,39,10.7,1,3600.0,24.7,0,0.0,0,2026-02-11
2026-02-11T18:00,46,8.1,0,62.89,23.2,0,0.0,0,2026-02-11
2026-02-11T19:00,52,7.7,0,0.0,22.2,0,0.0,0,2026-02-11
2026-02-11T20:00,56,7.7,0,0.0,21.1,0,0.0,0,2026-02-11
2026-02-11T21:00,56,8.6,0,0.0,20.3,0,0.0,0,2026-02-11
2026-02-11T22:00,57,8.1,0,0.0,19.3,0,0.0,0,2026-02-11
2026-02-11T23:00,60,8.5,0,0.0,18.5,0,0.0,0,2026-02-11
2026-02-12T00:00,61,7.8,0,0.0,17.7,0,0.0,0,2026-02-12
2026-02-12T01:00,62,7.0,0,0.0,17.0,0,0.0,0,2026-02-12
2026-02-12T02:00,63,6.3,0,0.0,16.2,0,0.0,0,2026-02-12
2026-02-12T03:00,65,6.1,0,0.0,15.4,0,0.0,0,2026-02-12
2026-02-12T04:00,68,6.0,0,0.0,14.5,0,0.0,0,2026-02-12
2026-02-12T05:00,76,7.6,0,0.0,14.1,0,0.0,0,2026-02-12
2026-02-12T06:00,80,6.5,0,0.0,13.4,0,0.0,0,2026-02-12
2026-02-12T07:00,82,6.9,1,0.0,13.0,0,0.0,0,2026-02-12
2026-02-12T08:00,74,7.9,1,3600.0,14.5,0,0.0,0,2026-02-12
2026-02-12T09:00,63,7.6,1,3600.0,17.0,0,0.0,0,2026-02-12
2026-02-12T10:00,53,8.0,1,3600.0,19.7,16,0.0,0,2026-02-12
2026-02-12T11:00,46,9.1,1,3600.0,22.2,4,0.0,0,2026-02-12
2026-02-12T12:00,35,12.0,1,3600.0,24.0,2,0.0,0,2026-02-12
2026-02-12T13:00,28,12.6,1,3600.0,24.8,96,0.0,3,2026-02-12
2026-02-12T14:00,27,12.4,1,3600.0,25.1,0,0.0,0,2026-02-12
2026-02-12T15:00,28,11.4,1,3600.0,24.8,32,0.0,1,2026-02-12
2026-02-12T16:00,30,9.8,1,3600.0,24.2,58,0.0,2,2026-02-12
2026-02-12T17:00,37,10.1,1,3600.0,22.7,77,0.0,2,2026-02-12
2026-02-12T18:00,42,7.1,0,38.19,21.2,99,0.0,3,2026-02-12
2026-02-12T19:00,47,6.0,0,0.0,20.3,100,0.0,3,2026-02-12
2026-02-12T20:00,53,5.5,0,0.0,19.3,2,0.0,0,2026-02-12
2026-02-12T21:00,57,5.0,0,0.0,18.2,45,0.0,1,2026-02-12
2026-02-12T22:00,56,4.8,0,0.0,17.8,83,0.0,3,2026-02-12
2026-02-12T23:00,58,5.7,0,0.0,17.3,100,0.0,3,2026-02-12
2026-02-13T00:00,59,5.8,0,0.0,16.7,100,0.0,3,2026-02-13
2026-02-13T01:00,62,6.0,0,0.0,15.9,100,0.0,3,2026-02-13
2026-02-13T02:00,65,6.0,0,0.0,15.2,100,0.0,3,2026-02-13
2026-02-13T03:00,67,6.1,0,0.0,14.7,100,0.0,3,2026-02-13
2026-02-13T04:00,70,4.9,0,0.0,13.8,100,0.0,3,2026-02-13
2026-02-13T05:00,79,5.4,0,0.0,13.2,99,0.0,3,2026-02-13
2026-02-13T06:00,79,4.9,0,0.0,12.8,100,0.0,3,2026-02-13
2026-02-13T07:00,78,6.0,1,0.0,12.7,74,0.0,2,2026-02-13
2026-02-13T08:00,68,6.9,1,3600.0,14.4,100,0.0,3,2026-02-13
2026-02-13T09:00,55,6.6,1,3600.0,17.2,99,0.0,3,2026-02-13
2026-02-13T10:00,44,7.8,1,3600.0,20.0,100,0.0,3,2026-02-13
2026-02-13T11:00,37,9.7,1,3600.0,22.5,96,0.0,3,2026-02-13
2026-02-13T12:00,32,8.8,1,3600.0,24.0,95,0.0,3,2026-02-13
2026-02-13T13:00,30,8.0,1,3600.0,24.9,98,0.0,3,2026-02-13
2026-02-13T14:00,29,7.2,1,3600.0,25.4,98,0.0,3,2026-02-13
2026-02-13T15:00,30,7.4,1,3600.0,25.5,99,0.0,3,2026-02-13
2026-02-13T16:00,32,7.2,1,3600.0,24.9,49,0.0,1,2026-02-13
2026-02-13T17:00,33,7.6,1,3600.0,23.6,77,0.0,2,2026-02-13
2026-02-13T18:00,39,5.4,0,13.68,22.0,45,0.0,1,2026-02-13
2026-02-13T19:00,48,4.3,0,0.0,20.6,53,0.0,2,2026-02-13
2026-02-13T20:00,55,2.9,0,0.0,19.3,38,0.0,1,2026-02-13
2026-02-13T21:00,57,0.7,0,0.0,19.2,89,0.0,3,2026-02-13
2026-02-13T22:00,56,0.7,0,0.0,18.8,50,0.0,2,2026-02-13
2026-02-13T23:00,62,0.5,0,0.0,18.6,100,0.0,3,2026-02-13
2026-02-14T00:00,59,1.2,0,0.0,18.2,100,0.0,3,2026-02-14
2026-02-14T01:00,61,2.1,0,0.0,17.3,88,0.0,3,2026-02-14
2026-02-14T02:00,68,3.5,0,0.0,15.7,91,0.0,3,2026-02-14
2026-02-14T03:00,74,4.9,0,0.0,14.3,98,0.0,3,2026-02-14
2026-02-14T04:00,77,4.4,0,0.0,13.4,47,0.0,1,2026-02-14
2026-02-14T05:00,84,4.2,0,0.0,12.8,81,0.0,3,2026-02-14
2026-02-14T06:00,84,4.3,0,0.0,12.6,87,0.0,3,2026-02-14
2026-02-14T07:00,81,5.8,1,0.0,12.5,100,0.0,3,2026-02-14
2026-02-14T08:00,69,6.9,1,3600.0,14.6,88,0.0,3,2026-02-14
2026-02-14T09:00,54,6.0,1,3600.0,17.9,7,0.0,0,2026-02-14
2026-02-14T10:00,41,7.1,1,3600.0,21.5,0,0.0,0,2026-02-14
2026-02-14T11:00,33,8.3,1,3600.0,24.0,0,0.0,0,2026-02-14
2026-02-14T12:00,29,8.6,1,3600.0,25.6,0,0.0,0,2026-02-14
2026-02-14T13:00,28,9.5,1,3600.0,26.4,0,0.0,0,2026-02-14
2026-02-14T14:00,26,10.6,1,3600.0,26.9,0,0.0,0,2026-02-14
2026-02-14T15:00,29,11.4,1,3600.0,26.5,0,0.0,0,2026-02-14
2026-02-14T16:00,33,10.2,1,3600.0,25.8,1,0.0,0,2026-02-14
2026-02-14T17:00,33,10.4,1,3600.0,24.7,0,0.0,0,2026-02-14
2026-02-14T18:00,37,7.6,0,261.59,23.3,0,0.0,0,2026-02-14
2026-02-14T19:00,42,5.7,0,0.0,22.2,0,0.0,0,2026-02-14
2026-02-14T20:00,47,4.7,0,0.0,21.1,0,0.0,0,2026-02-14
2026-02-14T21:00,50,5.2,0,0.0,20.5,0,0.0,0,2026-02-14
2026-02-14T22:00,52,5.3,0,0.0,20.1,0,0.0,0,2026-02-14
2026-02-14T23:00,60,4.6,0,0.0,19.0,0,0.0,0,2026-02-14
2026-02-15T00:00,65,4.7,0,0.0,17.7,0,0.0,0,2026-02-15
2026-02-15T01:00,70,4.2,0,0.0,16.6,0,0.0,0,2026-02-15
2026-02-15T02:00,74,4.3,0,0.0,15.8,0,0.0,0,2026-02-15
2026-02-15T03:00,76,4.9,0,0.0,15.2,0,0.0,0,2026-02-15
2026-02-15T04:00,78,5.2,0,0.0,14.5,0,0.0,0,2026-02-15
2026-02-15T05:00,87,4.9,0,0.0,13.5,0,0.0,0,2026-02-15
2026-02-15T06:00,85,4.9,0,0.0,13.6,0,0.0,0,2026-02-15
2026-02-15T07:00,83,5.1,1,0.0,13.9,0,0.0,0,2026-02-15
2026-02-15T08:00,71,5.9,1,3600.0,16.4,0,0.0,0,2026-02-15
2026-02-15T09:00,57,5.2,1,3600.0,19.9,0,0.0,0,2026-02-15
2026-02-15T10:00,46,7.1,1,3600.0,22.9,0,0.0,0,2026-02-15
2026-02-15T11:00,39,9.6,1,3600.0,25.3,0,0.0,0,2026-02-15
2026-02-15T12:00,33,11.5,1,3600.0,26.8,0,0.0,0,2026-02-15
2026-02-15T13:00,30,12.1,1,3600.0,27.7,0,0.0,0,2026-02-15
2026-02-15T14:00,26,12.3,1,3600.0,28.1,0,0.0,0,2026-02-15
2026-02-15T15:00,26,11.9,1,3600.0,27.9,0,0.0,0,2026-02-15
2026-02-15T16:00,26,11.4,1,3600.0,27.3,0,0.0,0,2026-02-15
2026-02-15T17:00,28,8.6,1,3600.0,26.1,0,0.0,0,2026-02-15
2026-02-15T18:00,36,4.4,0,508.76,23.9,0,0.0,0,2026-02-15
2026-02-15T19:00,40,2.3,0,0.0,23.1,0,0.0,0,2026-02-15
2026-02-15T20:00,42,1.4,0,0.0,22.5,0,0.0,0,2026-02-15
2026-02-15T21:00,45,1.9,0,0.0,21.4,0,0.0,0,2026-02-15
2026-02-15T22:00,49,2.2,0,0.0,20.3,0,0.0,0,2026-02-15
2026-02-15T23:00,53,0.6,0,0.0,19.9,0,0.0,0,2026-02-15
2026-02-16T00:00,56,0.2,0,0.0,19.4,0,0.0,0,2026-02-16
2026-02-16T01:00,56,0.2,0,0.0,19.4,0,0.0,0,2026-02-16
2026-02-16T02:00,56,0.4,0,0.0,19.1,0,0.0,0,2026-02-16
2026-02-16T03:00,61,1.5,0,0.0,17.8,0,0.0,0,2026-02-16
2026-02-16T04:00,71,5.5,0,0.0,15.8,0,0.0,0,2026-02-16
2026-02-16T05:00,85,5.2,0,0.0,14.0,0,0.0,0,2026-02-16
2026-02-16T06:00,89,4.1,0,0.0,13.1,51,0.0,2,2026-02-16
2026-02-16T07:00,87,4.4,1,0.0,13.5,4,0.0,0,2026-02-16
2026-02-16T08:00,70,5.2,1,3600.0,16.6,0,0.0,0,2026-02-16
2026-02-16T09:00,51,3.7,1,3600.0,21.1,0,0.0,0,2026-02-16
2026-02-16T10:00,38,3.2,1,3600.0,24.6,0,0.0,0,2026-02-16
2026-02-16T11:00,30,3.3,1,3600.0,27.0,0,0.0,0,2026-02-16
2026-02-16T12:00,23,1.6,1,3600.0,29.0,0,0.0,0,2026-02-16
2026-02-16T13:00,19,1.9,1,3600.0,29.9,0,0.0,0,2026-02-16
2026-02-16T14:00,18,3.9,1,3600.0,30.3,0,0.0,0,2026-02-16
2026-02-16T15:00,17,6.3,1,3600.0,30.3,3,0.0,0,2026-02-16
2026-02-16T16:00,20,7.7,1,3600.0,29.3,14,0.0,0,2026-02-16
2026-02-16T17:00,40,12.1,1,3600.0,25.5,0,0.0,0,2026-02-16
2026-02-16T18:00,43,8.7,0,212.52,24.3,0,0.0,0,2026-02-16
2026-02-16T19:00,47,8.1,0,0.0,23.3,0,0.0,0,2026-02-16
2026-02-16T20:00,52,7.0,0,0.0,22.3,1,0.0,0,2026-02-16
2026-02-16T21:00,57,6.7,0,0.0,21.3,0,0.0,0,2026-02-16
2026-02-16T22:00,60,5.5,0,0.0,20.4,0,0.0,0,2026-02-16
2026-02-16T23:00,64,7.2,0,0.0,19.7,1,0.0,0,2026-02-16
2026-02-17T00:00,66,6.3,0,0.0,19.2,1,0.0,0,2026-02-17
2026-02-17T01:00,70,5.9,0,0.0,18.3,2,0.0,0,2026-02-17
2026-02-17T02:00,72,7.0,0,0.0,17.5,1,0.0,0,2026-02-17
2026-02-17T03:00,74,7.5,0,0.0,16.8,0,0.0,0,2026-02-17
2026-02-17T04:00,76,8.1,0,0.0,16.3,0,0.0,0,2026-02-17
2026-02-17T05:00,73,9.5,0,0.0,16.1,0,0.0,0,2026-02-17
2026-02-17T06:00,74,9.7,0,0.0,15.9,0,0.0,0,2026-02-17
2026-02-17T07:00,73,10.1,1,0.0,16.0,0,0.0,0,2026-02-17
2026-02-17T08:00,65,9.1,1,3600.0,17.7,0,0.0,0,2026-02-17
2026-02-17T09:00,55,8.4,1,3600.0,20.5,0,0.0,0,2026-02-17
2026-02-17T10:00,43,10.6,1,3600.0,23.6,0,0.0,0,2026-02-17
2026-02-17T11:00,34,11.8,1,3600.0,25.9,0,0.0,0,2026-02-17
2026-02-17T12:00,29,9.5,1,3600.0,27.7,0,0.0,0,2026-02-17
2026-02-17T13:00,27,8.2,1,3600.0,28.8,0,0.0,0,2026-02-17
2026-02-17T14:00,25,7.6,1,3600.0,29.2,0,0.0,0,2026-02-17
2026-02-17T15:00,27,8.5,1,3600.0,29.0,0,0.0,0,2026-02-17
2026-02-17T16:00,30,9.9,1,3600.0,28.2,2,0.0,0,2026-02-17
2026-02-17T17:00,33,12.5,1,3600.0,26.8,3,0.0,0,2026-02-17
2026-02-17T18:00,42,7.5,0,459.16,25.0,2,0.0,0,2026-02-17
2026-02-17T19:00,49,4.2,0,0.0,23.6,2,0.0,0,2026-02-17
2026-02-17T20:00,56,4.9,0,0.0,22.5,9,0.0,0,2026-02-17
2026-02-17T21:00,63,4.9,0,0.0,21.4,13,0.0,0,2026-02-17
2026-02-17T22:00,69,4.4,0,0.0,20.3,16,0.0,0,2026-02-17
2026-02-17T23:00,76,3.0,0,0.0,19.6,1,0.0,0,2026-02-17
2026-02-18T00:00,78,4.0,0,0.0,18.9,0,0.0,0,2026-02-18
2026-02-18T01:00,80,3.9,0,0.0,18.3,4,0.0,0,2026-02-18
2026-02-18T02:00,79,4.6,0,0.0,18.0,45,0.0,1,2026-02-18
2026-02-18T03:00,80,0.5,0,0.0,17.6,100,0.0,3,2026-02-18
2026-02-18T04:00,81,2.3,0,0.0,17.5,99,0.0,3,2026-02-18
2026-02-18T05:00,80,7.7,0,0.0,18.4,84,0.0,3,2026-02-18
2026-02-18T06:00,78,6.3,0,0.0,18.7,100,0.0,3,2026-02-18
2026-02-18T07:00,80,7.2,1,0.0,17.9,100,0.0,3,2026-02-18
2026-02-18T08:00,79,3.3,1,0.0,18.4,100,0.4,51,2026-02-18
2026-02-18T09:00,76,4.9,1,0.0,19.0,99,0.0,3,2026-02-18
2026-02-18T10:00,70,2.7,1,0.0,19.7,100,0.0,3,2026-02-18
2026-02-18T11:00,73,4.6,1,0.0,19.1,99,0.1,51,2026-02-18
2026-02-18T12:00,52,5.3,1,3600.0,22.3,100,0.4,51,2026-02-18
2026-02-18T13:00,41,7.9,1,2244.56,23.4,100,0.0,3,2026-02-18
2026-02-18T14:00,39,9.2,1,3600.0,23.9,100,0.0,3,2026-02-18
2026-02-18T15:00,43,7.9,1,2477.43,23.3,100,0.0,3,2026-02-18
2026-02-18T16:00,45,2.3,1,0.0,22.8,100,0.0,3,2026-02-18
2026-02-18T17:00,81,0.6,1,0.0,17.7,100,0.0,3,2026-02-18
2026-02-18T18:00,87,2.7,0,0.0,17.2,100,0.0,3,2026-02-18
2026-02-18T19:00,89,2.3,0,0.0,16.7,100,0.0,3,2026-02-18
2026-02-18T20:00,88,0.5,0,0.0,16.6,100,0.0,3,2026-02-18
2026-02-18T21:00,87,1.0,0,0.0,16.6,100,0.0,3,2026-02-18
2026-02-18T22:00,89,2.7,0,0.0,16.1,100,0.0,3,2026-02-18
2026-02-18T23:00,86,0.6,0,0.0,16.9,100,0.0,3,2026-02-18
2026-02-19T00:00,88,2.2,0,0.0,16.4,86,0.0,3,2026-02-19
2026-02-19T01:00,90,3.5,0,0.0,15.9,3,0.0,0,2026-02-19
2026-02-19T02:00,92,3.8,0,0.0,15.1,4,0.0,0,2026-02-19
2026-02-19T03:00,93,3.1,0,0.0,14.7,3,0.0,0,2026-02-19
2026-02-19T04:00,93,3.6,0,0.0,14.1,7,0.0,0,2026-02-19
2026-02-19T05:00,85,5.7,0,0.0,14.8,20,0.0,1,2026-02-19
2026-02-19T06:00,86,4.8,0,0.0,13.9,15,0.0,0,2026-02-19
2026-02-19T07:00,86,4.5,1,0.0,14.3,4,0.0,0,2026-02-19
2026-02-19T08:00,79,4.1,1,3600.0,16.6,2,0.0,0,2026-02-19
2026-02-19T09:00,70,1.9,1,3600.0,19.5,0,0.0,0,2026-02-19
2026-02-19T10:00,53,2.4,1,3600.0,22.5,2,0.0,0,2026-02-19
2026-02-19T11:00,42,1.3,1,3600.0,24.3,0,0.0,0,2026-02-19
2026-02-19T12:00,37,1.4,1,3600.0,25.8,29,0.0,1,2026-02-19
2026-02-19T13:00,36,1.8,1,3600.0,26.0,45,0.0,1,2026-02-19
2026-02-19T14:00,35,1.5,1,3600.0,26.3,22,0.0,1,2026-02-19
2026-02-19T15:00,33,2.5,1,3600.0,26.3,47,0.0,1,2026-02-19
2026-02-19T16:00,36,7.6,1,3600.0,25.0,51,0.0,2,2026-02-19
2026-02-19T17:00,53,1.4,1,3600.0,23.8,5,0.0,0,2026-02-19
2026-02-19T18:00,62,3.2,0,140.48,22.2,21,0.0,1,2026-02-19
2026-02-19T19:00,65,4.6,0,0.0,21.2,10,0.0,0,2026-02-19
2026-02-19T20:00,70,1.9,0,0.0,20.5,6,0.0,0,2026-02-19
2026-02-19T21:00,74,4.6,0,0.0,19.6,0,0.0,0,2026-02-19
2026-02-19T22:00,78,4.6,0,0.0,18.8,0,0.0,0,2026-02-19
2026-02-19T23:00,82,3.9,0,0.0,18.5,0,0.0,0,2026-02-19
2026-02-20T00:00,85,4.3,0,0.0,17.7,0,0.0,0,2026-02-20
2026-02-20T01:00,86,2.9,0,0.0,17.2,0,0.0,0,2026-02-20
2026-02-20T02:00,86,3.5,0,0.0,16.8,0,0.0,0,2026-02-20
2026-02-20T03:00,87,3.1,0,0.0,16.4,0,0.0,0,2026-02-20
2026-02-20T04:00,87,3.3,0,0.0,16.0,0,0.0,0,2026-02-20
2026-02-20T05:00,93,5.1,0,0.0,15.0,0,0.0,0,2026-02-20
2026-02-20T06:00,92,4.4,0,0.0,15.1,0,0.0,0,2026-02-20
2026-02-20T07:00,91,4.0,1,0.0,15.4,0,0.0,0,2026-02-20
2026-02-20T08:00,81,4.1,1,3600.0,17.4,0,0.0,0,2026-02-20
2026-02-20T09:00,68,2.7,1,3600.0,20.2,0,0.0,0,2026-02-20
2026-02-20T10:00,51,3.6,1,3600.0,23.3,0,0.0,0,2026-02-20
2026-02-20T11:00,42,5.3,1,3600.0,25.5,0,0.0,0,2026-02-20
2026-02-20T12:00,36,5.5,1,3600.0,27.0,0,0.0,0,2026-02-20
2026-02-20T13:00,33,7.2,1,3600.0,27.7,0,0.0,0,2026-02-20
2026-02-20T14:00,32,9.2,1,3600.0,27.9,0,0.0,0,2026-02-20
2026-02-20T15:00,32,10.2,1,3600.0,27.5,0,0.0,0,2026-02-20
2026-02-20T16:00,34,10.4,1,3600.0,26.8,1,0.0,0,2026-02-20
2026-02-20T17:00,39,9.6,1,3600.0,25.5,0,0.0,0,2026-02-20
2026-02-20T18:00,47,5.6,0,655.95,23.7,0,0.0,0,2026-02-20
2026-02-20T19:00,55,5.0,0,0.0,22.3,0,0.0,0,2026-02-20
2026-02-20T20:00,64,4.6,0,0.0,21.0,0,0.0,0,2026-02-20
2026-02-20T21:00,67,4.9,0,0.0,20.1,0,0.0,0,2026-02-20
2026-02-20T22:00,67,5.1,0,0.0,19.5,0,0.0,0,2026-02-20
2026-02-20T23:00,71,5.3,0,0.0,18.9,0,0.0,0,2026-02-20
2026-02-21T00:00,71,5.7,0,0.0,18.2,0,0.0,0,2026-02-21
2026-02-21T01:00,72,5.8,0,0.0,17.6,0,0.0,0,2026-02-21
2026-02-21T02:00,75,5.5,0,0.0,16.9,0,0.0,0,2026-02-21
2026-02-21T03:00,78,5.2,0,0.0,16.1,0,0.0,0,2026-02-21
2026-02-21T04:00,79,5.8,0,0.0,15.6,0,0.0,0,2026-02-21
2026-02-21T05:00,87,7.4,0,0.0,14.9,0,0.0,0,2026-02-21
2026-02-21T06:00,88,6.7,0,0.0,14.8,0,0.0,0,2026-02-21
2026-02-21T07:00,86,7.3,1,0.0,15.0,0,0.0,0,2026-02-21
2026-02-21T08:00,77,6.8,1,3600.0,16.9,0,0.0,0,2026-02-21
2026-02-21T09:00,65,6.5,1,3600.0,19.9,0,0.0,0,2026-02-21
2026-02-21T10:00,55,7.1,1,3600.0,22.8,0,0.0,0,2026-02-21
2026-02-21T11:00,50,8.8,1,3600.0,24.9,0,0.0,0,2026-02-21
2026-02-21T12:00,44,10.2,1,3600.0,26.2,0,0.0,0,2026-02-21
2026-02-21T13:00,40,10.5,1,3600.0,27.0,0,0.0,0,2026-02-21
2026-02-21T14:00,38,10.9,1,3600.0,27.2,0,0.0,0,2026-02-21
2026-02-21T15:00,39,11.0,1,3600.0,27.1,0,0.0,0,2026-02-21
2026-02-21T16:00,40,10.8,1,3600.0,26.4,0,0.0,0,2026-02-21
2026-02-21T17:00,40,9.4,1,3600.0,25.4,0,0.0,0,2026-02-21
2026-02-21T18:00,48,5.4,0,900.85,23.5,0,0.0,0,2026-02-21
2026-02-21T19:00,56,4.8,0,0.0,22.0,0,0.0,0,2026-02-21
2026-02-21T20:00,63,4.0,0,0.0,21.1,0,0.0,0,2026-02-21
2026-02-21T21:00,63,3.4,0,0.0,20.8,0,0.0,0,2026-02-21
2026-02-21T22:00,64,4.0,0,0.0,20.2,0,0.0,0,2026-02-21
2026-02-21T23:00,72,5.3,0,0.0,19.2,0,0.0,0,2026-02-21
2026-02-22T00:00,75,6.1,0,0.0,18.4,0,0.0,0,2026-02-22
2026-02-22T01:00,76,5.7,0,0.0,17.5,0,0.0,0,2026-02-22
2026-02-22T02:00,79,4.9,0,0.0,16.6,0,0.0,0,2026-02-22
2026-02-22T03:00,80,5.4,0,0.0,16.0,0,0.0,0,2026-02-22
2026-02-22T04:00,83,5.3,0,0.0,15.2,0,0.0,0,2026-02-22
2026-02-22T05:00,88,5.6,0,0.0,14.7,0,0.0,0,2026-02-22
2026-02-22T06:00,88,5.1,0,0.0,14.8,0,0.0,0,2026-02-22
2026-02-22T07:00,86,4.9,1,0.0,15.1,0,0.0,0,2026-02-22
2026-02-22T08:00,74,4.5,1,3600.0,17.5,0,0.0,0,2026-02-22
2026-02-22T09:00,58,3.3,1,3600.0,21.4,0,0.0,0,2026-02-22
2026-02-22T10:00,42,4.7,1,3600.0,24.7,0,0.0,0,2026-02-22
2026-02-22T11:00,30,7.1,1,3600.0,26.8,0,0.0,0,2026-02-22
2026-02-22T12:00,25,7.6,1,3600.0,27.9,0,0.0,0,2026-02-22
2026-02-22T13:00,23,8.5,1,3600.0,28.4,0,0.0,0,2026-02-22
2026-02-22T14:00,24,9.0,1,3600.0,28.4,0,0.0,0,2026-02-22
2026-02-22T15:00,25,9.0,1,3600.0,28.2,0,0.0,0,2026-02-22
2026-02-22T16:00,27,8.8,1,3600.0,27.6,0,0.0,0,2026-02-22
2026-02-22T17:00,35,8.4,1,3600.0,26.4,0,0.0,0,2026-02-22
2026-02-22T18:00,39,5.6,0,876.51,24.8,0,0.0,0,2026-02-22
2026-02-22T19:00,44,3.4,0,0.0,23.4,0,0.0,0,2026-02-22
2026-02-22T20:00,46,2.4,0,0.0,22.9,0,0.0,0,2026-02-22
2026-02-22T21:00,55,2.6,0,0.0,21.6,0,0.0,0,2026-02-22
2026-02-22T22:00,62,3.6,0,0.0,20.2,0,0.0,0,2026-02-22
2026-02-22T23:00,70,2.7,0,0.0,19.7,0,0.0,0,2026-02-22
2026-02-23T00:00,71,1.3,0,0.0,19.1,0,0.0,0,2026-02-23
2026-02-23T01:00,72,1.3,0,0.0,19.0,0,0.0,0,2026-02-23
2026-02-23T02:00,72,0.9,0,0.0,18.9,0,0.0,0,2026-02-23
2026-02-23T03:00,77,3.6,0,0.0,17.4,0,0.0,0,2026-02-23
2026-02-23T04:00,78,2.3,0,0.0,16.8,0,0.0,0,2026-02-23
2026-02-23T05:00,87,2.7,0,0.0,14.8,0,0.0,0,2026-02-23
2026-02-23T06:00,87,2.7,0,0.0,14.8,0,0.0,0,2026-02-23
2026-02-23T07:00,83,4.5,1,60.65,15.4,0,0.0,0,2026-02-23
2026-02-23T08:00,67,3.2,1,3600.0,18.6,0,0.0,0,2026-02-23
2026-02-23T09:00,53,0.4,1,3600.0,22.4,0,0.0,0,2026-02-23
2026-02-23T10:00,41,0.9,1,3600.0,25.2,0,0.0,0,2026-02-23
2026-02-23T11:00,32,4.4,1,3600.0,27.1,0,0.0,0,2026-02-23
2026-02-23T12:00,25,6.0,1,3600.0,28.8,12,0.0,0,2026-02-23
2026-02-23T13:00,22,8.7,1,3600.0,29.4,9,0.0,0,2026-02-23
2026-02-23T14:00,20,11.1,1,3600.0,29.4,9,0.0,0,2026-02-23
2026-02-23T15:00,19,11.7,1,3600.0,29.2,9,0.0,0,2026-02-23
2026-02-23T16:00,20,11.3,1,3600.0,28.6,6,0.0,0,2026-02-23
2026-02-23T17:00,23,7.5,1,3600.0,27.8,0,0.0,0,2026-02-23
2026-02-23T18:00,39,4.6,0,1120.7,24.7,0,0.0,0,2026-02-23
2026-02-23T19:00,49,2.1,0,0.0,23.6,0,0.0,0,2026-02-23
2026-02-23T20:00,53,2.0,0,0.0,22.6,0,0.0,0,2026-02-23
2026-02-23T21:00,57,2.1,0,0.0,21.7,0,0.0,0,2026-02-23
2026-02-23T22:00,58,0.9,0,0.0,21.4,0,0.0,0,2026-02-23
2026-02-23T23:00,67,2.5,0,0.0,20.0,0,0.0,0,2026-02-23
2026-02-24T00:00,68,1.6,0,0.0,19.4,0,0.0,0,2026-02-24
2026-02-24T01:00,68,1.5,0,0.0,19.0,0,0.0,0,2026-02-24
2026-02-24T02:00,72,3.1,0,0.0,18.1,0,0.0,0,2026-02-24
2026-02-24T03:00,72,2.7,0,0.0,17.8,0,0.0,0,2026-02-24
2026-02-24T04:00,73,4.2,0,0.0,17.2,0,0.0,0,2026-02-24
2026-02-24T05:00,82,4.4,0,0.0,15.9,0,0.0,0,2026-02-24
2026-02-24T06:00,80,2.6,0,0.0,16.1,0,0.0,0,2026-02-24
2026-02-24T07:00,78,0.6,1,29.78,16.6,0,0.0,0,2026-02-24
2026-02-24T08:00,66,1.7,1,3600.0,19.3,0,0.0,0,2026-02-24
2026-02-24T09:00,54,1.5,1,3600.0,22.4,0,0.0,0,2026-02-24
2026-02-24T10:00,42,2.8,1,3600.0,25.0,0,0.0,0,2026-02-24
2026-02-24T11:00,35,3.9,1,3600.0,26.5,0,0.0,0,2026-02-24
2026-02-24T12:00,28,5.1,1,3600.0,28.5,0,0.0,0,2026-02-24
2026-02-24T13:00,22,8.1,1,3600.0,29.4,0,0.0,0,2026-02-24
2026-02-24T14:00,18,9.9,1,3600.0,29.6,1,0.0,0,2026-02-24
2026-02-24T15:00,18,10.7,1,3600.0,29.3,2,0.0,0,2026-02-24
2026-02-24T16:00,20,11.4,1,3600.0,28.5,2,0.0,0,2026-02-24
2026-02-24T17:00,26,10.0,1,3600.0,27.1,2,0.0,0,2026-02-24
2026-02-24T18:00,39,5.2,0,1096.49,24.7,0,0.0,0,2026-02-24
2026-02-24T19:00,50,4.6,0,0.0,23.2,0,0.0,0,2026-02-24
2026-02-24T20:00,59,4.7,0,0.0,22.0,0,0.0,0,2026-02-24
2026-02-24T21:00,61,2.6,0,0.0,21.6,0,0.0,0,2026-02-24
2026-02-24T22:00,63,3.5,0,0.0,20.9,0,0.0,0,2026-02-24
2026-02-24T23:00,66,3.4,0,0.0,20.3,0,0.0,0,2026-02-24
2026-02-25T00:00,65,0.9,0,0.0,20.1,0,0.0,0,2026-02-25
2026-02-25T01:00,64,0.6,0,0.0,20.1,0,0.0,0,2026-02-25
2026-02-25T02:00,69,2.8,0,0.0,18.7,0,0.0,0,2026-02-25
2026-02-25T03:00,75,4.1,0,0.0,17.2,0,0.0,0,2026-02-25
2026-02-25T04:00,78,4.0,0,0.0,15.9,0,0.0,0,2026-02-25
2026-02-25T05:00,85,5.1,0,0.0,14.9,0,0.0,0,2026-02-25
2026-02-25T06:00,83,4.8,0,0.0,15.0,0,0.0,0,2026-02-25
2026-02-25T07:00,81,5.3,1,265.73,15.2,0,0.0,0,2026-02-25
2026-02-25T08:00,66,4.9,1,3600.0,18.1,0,0.0,0,2026-02-25
2026-02-25T09:00,51,4.1,1,3600.0,21.8,0,0.0,0,2026-02-25
2026-02-25T10:00,36,5.5,1,3600.0,25.0,0,0.0,0,2026-02-25
2026-02-25T11:00,24,7.6,1,3600.0,27.3,0,0.0,0,2026-02-25
2026-02-25T12:00,21,9.6,1,3600.0,28.3,0,0.0,0,2026-02-25
2026-02-25T13:00,19,10.5,1,3600.0,28.8,0,0.0,0,2026-02-25
2026-02-25T14:00,18,10.5,1,3600.0,29.0,0,0.0,0,2026-02-25
2026-02-25T15:00,18,11.0,1,3600.0,28.8,0,0.0,0,2026-02-25
2026-02-25T16:00,19,11.1,1,3600.0,28.1,0,0.0,0,2026-02-25
2026-02-25T17:00,20,9.6,1,3600.0,27.2,0,0.0,0,2026-02-25
2026-02-25T18:00,33,5.0,0,1340.09,24.3,0,0.0,0,2026-02-25
2026-02-25T19:00,42,4.5,0,0.0,23.1,0,0.0,0,2026-02-25
2026-02-25T20:00,42,3.9,0,0.0,22.7,0,0.0,0,2026-02-25
2026-02-25T21:00,40,3.5,0,0.0,22.2,0,0.0,0,2026-02-25
2026-02-25T22:00,42,5.1,0,0.0,21.4,0,0.0,0,2026-02-25
2026-02-25T23:00,50,4.2,0,0.0,21.2,0,0.0,0,2026-02-25
2026-02-26T00:00,56,5.6,0,0.0,19.2,0,0.0,0,2026-02-26
2026-02-26T01:00,61,5.1,0,0.0,17.8,0,0.0,0,2026-02-26
2026-02-26T02:00,64,4.5,0,0.0,17.0,0,0.0,0,2026-02-26
2026-02-26T03:00,66,5.1,0,0.0,16.3,0,0.0,0,2026-02-26
2026-02-26T04:00,69,5.2,0,0.0,15.7,0,0.0,0,2026-02-26
2026-02-26T05:00,77,5.1,0,0.0,15.5,0,0.0,0,2026-02-26
2026-02-26T06:00,77,5.1,0,0.0,15.5,0,0.0,0,2026-02-26
2026-02-26T07:00,73,6.1,1,234.06,16.1,0,0.0,0,2026-02-26
2026-02-26T08:00,63,6.5,1,3600.0,18.6,0,0.0,0,2026-02-26
2026-02-26T09:00,51,6.0,1,3600.0,22.0,0,0.0,0,2026-02-26
2026-02-26T10:00,42,7.2,1,3600.0,25.0,0,0.0,0,2026-02-26
2026-02-26T11:00,32,10.0,1,3600.0,27.4,0,0.0,0,2026-02-26
2026-02-26T12:00,23,12.3,1,3600.0,28.9,0,0.0,0,2026-02-26
2026-02-26T13:00,20,13.5,1,3600.0,29.5,0,0.0,0,2026-02-26
2026-02-26T14:00,17,14.4,1,3600.0,29.7,0,0.0,0,2026-02-26
2026-02-26T15:00,18,14.5,1,3600.0,29.4,0,0.0,0,2026-02-26
2026-02-26T16:00,20,14.3,1,3600.0,28.7,0,0.0,0,2026-02-26
2026-02-26T17:00,23,12.4,1,3600.0,27.9,0,0.0,0,2026-02-26
2026-02-26T18:00,30,6.5,0,1316.12,26.0,0,0.0,0,2026-02-26
2026-02-26T19:00,38,4.9,0,0.0,24.2,0,0.0,0,2026-02-26
2026-02-26T20:00,41,4.9,0,0.0,23.3,0,0.0,0,2026-02-26
2026-02-26T21:00,40,5.5,0,0.0,22.8,0,0.0,0,2026-02-26
2026-02-26T22:00,41,5.6,0,0.0,21.8,0,0.0,0,2026-02-26
2026-02-26T23:00,47,4.3,0,0.0,21.3,0,0.0,0,2026-02-26
2026-02-27T00:00,50,4.4,0,0.0,20.3,0,0.0,0,2026-02-27
2026-02-27T01:00,53,4.5,0,0.0,19.3,0,0.0,0,2026-02-27
2026-02-27T02:00,56,3.9,0,0.0,18.7,0,0.0,0,2026-02-27
2026-02-27T03:00,60,4.5,0,0.0,17.7,0,0.0,0,2026-02-27
2026-02-27T04:00,63,3.5,0,0.0,17.2,0,0.0,0,2026-02-27
2026-02-27T05:00,75,4.9,0,0.0,16.0,0,0.0,0,2026-02-27
2026-02-27T06:00,73,6.5,0,0.0,16.1,0,0.0,0,2026-02-27
2026-02-27T07:00,68,7.5,1,202.25,16.4,0,0.0,0,2026-02-27
2026-02-27T08:00,57,7.0,1,3600.0,19.1,0,0.0,0,2026-02-27
2026-02-27T09:00,44,4.5,1,3600.0,23.0,0,0.0,0,2026-02-27
2026-02-27T10:00,33,5.2,1,3600.0,26.5,0,0.0,0,2026-02-27
2026-02-27T11:00,23,6.3,1,3600.0,28.8,0,0.0,0,2026-02-27
2026-02-27T12:00,19,8.3,1,3600.0,30.3,0,0.0,0,2026-02-27
2026-02-27T13:00,18,11.0,1,3600.0,30.8,0,0.0,0,2026-02-27
2026-02-27T14:00,18,11.1,1,3600.0,30.8,0,0.0,0,2026-02-27
2026-02-27T15:00,18,10.6,1,3600.0,30.6,0,0.0,0,2026-02-27
2026-02-27T16:00,20,10.3,1,3600.0,29.9,0,0.0,0,2026-02-27
2026-02-27T17:00,17,9.4,1,3600.0,29.6,0,0.0,0,2026-02-27
2026-02-27T18:00,25,4.1,0,1559.23,27.2,0,0.0,0,2026-02-27
2026-02-27T19:00,31,3.3,0,0.0,25.7,5,0.0,0,2026-02-27
2026-02-27T20:00,41,3.7,0,0.0,24.4,0,0.0,0,2026-02-27
2026-02-27T21:00,45,2.8,0,0.0,23.9,0,0.0,0,2026-02-27
2026-02-27T22:00,48,1.8,0,0.0,23.0,0,0.0,0,2026-02-27
2026-02-27T23:00,48,1.3,0,0.0,23.1,98,0.0,3,2026-02-27
2026-02-28T00:00,53,4.7,0,0.0,23.3,94,0.0,3,2026-02-28
2026-02-28T01:00,60,2.4,0,0.0,22.3,91,0.0,3,2026-02-28
2026-02-28T02:00,59,3.4,0,0.0,22.0,100,0.0,3,2026-02-28
2026-02-28T03:00,59,1.8,0,0.0,21.9,100,0.0,3,2026-02-28
2026-02-28T04:00,60,0.5,0,0.0,21.8,100,0.0,3,2026-02-28
2026-02-28T05:00,61,2.5,0,0.0,21.6,100,0.0,3,2026-02-28
2026-02-28T06:00,60,3.9,0,0.0,21.3,96,0.0,3,2026-02-28
2026-02-28T07:00,60,3.7,1,0.0,21.3,97,0.0,3,2026-02-28
2026-02-28T08:00,50,1.5,1,2838.67,23.2,5,0.0,0,2026-02-28
2026-02-28T09:00,38,1.0,1,3600.0,26.5,0,0.0,0,2026-02-28
2026-02-28T10:00,28,2.0,1,3600.0,28.8,0,0.0,0,2026-02-28
2026-02-28T11:00,18,6.8,1,3600.0,31.0,23,0.0,1,2026-02-28
2026-02-28T12:00,17,10.9,1,3600.0,31.8,8,0.0,0,2026-02-28
2026-02-28T13:00,17,13.5,1,3600.0,31.9,4,0.0,0,2026-02-28
2026-02-28T14:00,17,13.4,1,3600.0,31.6,5,0.0,0,2026-02-28
2026-02-28T15:00,18,13.0,1,3600.0,31.2,5,0.0,0,2026-02-28
2026-02-28T16:00,20,13.4,1,3600.0,30.4,13,0.0,0,2026-02-28
2026-02-28T17:00,23,13.0,1,3600.0,29.6,16,0.0,0,2026-02-28
2026-02-28T18:00,31,7.8,0,1535.57,27.9,0,0.0,0,2026-02-28
2026-02-28T19:00,38,4.3,0,0.0,26.3,0,0.0,0,2026-02-28
2026-02-28T20:00,47,3.7,0,0.0,25.0,0,0.0,0,2026-02-28
2026-02-28T21:00,48,2.9,0,0.0,24.5,0,0.0,0,2026-02-28
2026-02-28T22:00,49,2.5,0,0.0,23.8,0,0.0,0,2026-02-28
2026-02-28T23:00,55,5.4,0,0.0,22.5,0,0.0,0,2026-02-28
2026-03-01T00:00,58,5.1,0,0.0,21.0,0,0.0,0,2026-03-01
2026-03-01T01:00,61,4.9,0,0.0,20.0,0,0.0,0,2026-03-01
2026-03-01T02:00,63,5.4,0,0.0,19.4,0,0.0,0,2026-03-01
2026-03-01T03:00,67,5.0,0,0.0,18.5,0,0.0,0,2026-03-01
2026-03-01T04:00,69,5.2,0,0.0,17.9,0,0.0,0,2026-03-01
2026-03-01T05:00,78,7.4,0,0.0,17.3,0,0.0,0,2026-03-01
2026-03-01T06:00,77,6.7,0,0.0,17.2,0,0.0,0,2026-03-01
2026-03-01T07:00,73,7.6,1,669.93,17.5,0,0.0,0,2026-03-01
2026-03-01T08:00,63,6.1,1,3600.0,19.7,0,0.0,0,2026-03-01
2026-03-01T09:00,52,6.5,1,3600.0,23.1,0,0.0,0,2026-03-01
2026-03-01T10:00,42,8.3,1,3600.0,26.1,0,0.0,0,2026-03-01
2026-03-01T11:00,27,11.8,1,3600.0,28.9,0,0.0,0,2026-03-01
2026-03-01T12:00,22,14.1,1,3600.0,30.2,0,0.0,0,2026-03-01
2026-03-01T13:00,21,15.8,1,3600.0,30.6,0,0.0,0,2026-03-01
2026-03-01T14:00,22,16.8,1,3600.0,30.6,0,0.0,0,2026-03-01
2026-03-01T15:00,23,16.4,1,3600.0,30.3,0,0.0,0,2026-03-01
2026-03-01T16:00,24,15.8,1,3600.0,29.7,0,0.0,0,2026-03-01
2026-03-01T17:00,26,13.3,1,3600.0,28.7,0,0.0,0,2026-03-01
2026-03-01T18:00,30,8.2,0,1778.35,27.1,0,0.0,0,2026-03-01
2026-03-01T19:00,35,6.8,0,0.0,26.0,0,0.0,0,2026-03-01
2026-03-01T20:00,37,8.5,0,0.0,25.3,0,0.0,0,2026-03-01
2026-03-01T21:00,40,7.7,0,0.0,24.2,0,0.0,0,2026-03-01
2026-03-01T22:00,43,6.6,0,0.0,22.9,5,0.0,0,2026-03-01
2026-03-01T23:00,51,6.2,0,0.0,21.7,25,0.0,1,2026-03-01
2026-03-02T00:00,52,5.6,0,0.0,20.7,5,0.0,0,2026-03-02
2026-03-02T01:00,54,5.5,0,0.0,19.8,0,0.0,0,2026-03-02
2026-03-02T02:00,57,5.3,0,0.0,18.8,3,0.0,0,2026-03-02
2026-03-02T03:00,58,6.7,0,0.0,18.5,0,0.0,0,2026-03-02
2026-03-02T04:00,61,6.8,0,0.0,17.9,2,0.0,0,2026-03-02
2026-03-02T05:00,70,7.6,0,0.0,17.5,0,0.0,0,2026-03-02
2026-03-02T06:00,71,7.6,0,0.0,17.2,0,0.0,0,2026-03-02
2026-03-02T07:00,70,8.7,1,637.37,17.4,0,0.0,0,2026-03-02
2026-03-02T08:00,61,8.0,1,3600.0,19.6,1,0.0,0,2026-03-02
2026-03-02T09:00,49,8.5,1,3600.0,23.0,2,0.0,0,2026-03-02
2026-03-02T10:00,39,9.0,1,3600.0,26.1,2,0.0,0,2026-03-02
2026-03-02T11:00,32,12.7,1,3600.0,28.4,0,0.0,0,2026-03-02
2026-03-02T12:00,25,15.3,1,3600.0,30.0,2,0.0,0,2026-03-02
2026-03-02T13:00,22,16.9,1,3600.0,30.8,0,0.0,0,2026-03-02
2026-03-02T14:00,23,17.1,1,3600.0,30.8,0,0.0,0,2026-03-02
2026-03-02T15:00,23,16.2,1,3600.0,30.5,1,0.0,0,2026-03-02
2026-03-02T16:00,26,15.8,1,3600.0,29.6,0,0.0,0,2026-03-02
2026-03-02T17:00,29,15.9,1,3600.0,28.5,0,0.0,0,2026-03-02
2026-03-02T18:00,35,9.4,0,1755.03,27.1,0,0.0,0,2026-03-02
2026-03-02T19:00,40,8.4,0,0.0,26.1,0,0.0,0,2026-03-02
2026-03-02T20:00,41,9.9,0,0.0,25.3,0,0.0,0,2026-03-02
2026-03-02T21:00,42,8.3,0,0.0,24.3,0,0.0,0,2026-03-02
2026-03-02T22:00,42,9.4,0,0.0,23.4,0,0.0,0,2026-03-02
2026-03-02T23:00,46,10.3,0,0.0,22.7,0,0.0,0,2026-03-02
2026-03-03T00:00,44,10.7,0,0.0,22.2,0,0.0,0,2026-03-03
2026-03-03T01:00,45,9.9,0,0.0,21.6,0,0.0,0,2026-03-03
2026-03-03T02:00,49,9.7,0,0.0,20.6,0,0.0,0,2026-03-03
2026-03-03T03:00,54,9.6,0,0.0,19.7,0,0.0,0,2026-03-03
2026-03-03T04:00,57,8.6,0,0.0,18.8,0,0.0,0,2026-03-03
2026-03-03T05:00,62,9.4,0,0.0,18.3,0,0.0,0,2026-03-03
2026-03-03T06:00,64,9.3,0,0.0,17.7,0,0.0,0,2026-03-03
2026-03-03T07:00,64,10.5,1,870.05,17.9,0,0.0,0,2026-03-03
2026-03-03T08:00,57,9.0,1,3600.0,19.7,0,0.0,0,2026-03-03
2026-03-03T09:00,47,10.7,1,3600.0,22.8,0,0.0,0,2026-03-03
2026-03-03T10:00,39,12.5,1,3600.0,25.8,0,0.0,0,2026-03-03
2026-03-03T11:00,32,15.3,1,3600.0,28.6,0,0.0,0,2026-03-03
2026-03-03T12:00,26,17.8,1,3600.0,30.4,0,0.0,0,2026-03-03
2026-03-03T13:00,24,18.5,1,3600.0,31.1,0,0.0,0,2026-03-03
2026-03-03T14:00,24,18.0,1,3600.0,31.4,0,0.0,0,2026-03-03
2026-03-03T15:00,25,16.6,1,3600.0,31.3,0,0.0,0,2026-03-03
2026-03-03T16:00,30,16.2,1,3600.0,30.3,0,0.0,0,2026-03-03
2026-03-03T17:00,30,14.7,1,3600.0,29.1,0,0.0,0,2026-03-03
2026-03-03T18:00,34,11.1,0,1997.57,27.7,0,0.0,0,2026-03-03
2026-03-03T19:00,35,10.9,0,0.0,26.6,0,0.0,0,2026-03-03
2026-03-03T20:00,36,11.1,0,0.0,25.8,0,0.0,0,2026-03-03
2026-03-03T21:00,37,10.4,0,0.0,25.0,0,0.0,0,2026-03-03
2026-03-03T22:00,37,9.9,0,0.0,24.3,0,0.0,0,2026-03-03
2026-03-03T23:00,41,8.9,0,0.0,23.5,0,0.0,0,2026-03-03
2026-03-04T00:00,45,8.7,0,0.0,22.1,0,0.0,0,2026-03-04
2026-03-04T01:00,48,7.4,0,0.0,21.0,0,0.0,0,2026-03-04
2026-03-04T02:00,52,7.1,0,0.0,20.2,0,0.0,0,2026-03-04
2026-03-04T03:00,56,6.9,0,0.0,19.4,0,0.0,0,2026-03-04
2026-03-04T04:00,59,7.0,0,0.0,18.8,0,0.0,0,2026-03-04
2026-03-04T05:00,64,8.1,0,0.0,18.6,0,0.0,0,2026-03-04
2026-03-04T06:00,66,8.5,0,0.0,18.3,0,0.0,0,2026-03-04
2026-03-04T07:00,64,9.4,1,836.99,18.7,0,0.0,0,2026-03-04
2026-03-04T08:00,56,8.4,1,3600.0,21.0,0,0.0,0,2026-03-04
2026-03-04T09:00,46,7.7,1,3600.0,24.5,0,0.0,0,2026-03-04
2026-03-04T10:00,37,9.4,1,3600.0,27.9,0,0.0,0,2026-03-04
2026-03-04T11:00,32,11.9,1,3600.0,30.3,0,0.0,0,2026-03-04
2026-03-04T12:00,27,13.6,1,3600.0,32.1,0,0.0,0,2026-03-04
2026-03-04T13:00,26,15.7,1,3600.0,32.9,0,0.0,0,2026-03-04
2026-03-04T14:00,27,16.6,1,3600.0,33.2,0,0.0,0,2026-03-04
2026-03-04T15:00,27,16.6,1,3600.0,33.1,0,0.0,0,2026-03-04
2026-03-04T16:00,31,16.4,1,3600.0,32.2,0,0.0,0,2026-03-04
2026-03-04T17:00,35,14.2,1,3600.0,31.2,0,0.0,0,2026-03-04
2026-03-04T18:00,38,12.0,0,1974.66,29.8,0,0.0,0,2026-03-04
2026-03-04T19:00,38,13.5,0,0.0,29.0,0,0.0,0,2026-03-04
2026-03-04T20:00,37,13.5,0,0.0,28.5,0,0.0,0,2026-03-04
2026-03-04T21:00,38,13.2,0,0.0,27.7,0,0.0,0,2026-03-04
2026-03-04T22:00,40,12.3,0,0.0,26.8,0,0.0,0,2026-03-04
2026-03-04T23:00,47,12.2,0,0.0,26.0,0,0.0,0,2026-03-04
2026-03-05T00:00,55,10.0,0,0.0,24.2,0,0.0,0,2026-03-05
2026-03-05T01:00,59,9.8,0,0.0,23.3,0,0.0,0,2026-03-05
2026-03-05T02:00,62,9.7,0,0.0,22.6,0,0.0,0,2026-03-05
2026-03-05T03:00,66,9.6,0,0.0,21.9,0,0.0,0,2026-03-05
2026-03-05T04:00,69,10.0,0,0.0,21.3,0,0.0,0,2026-03-05
2026-03-05T05:00,68,11.6,0,0.0,21.0,0,0.0,0,2026-03-05
2026-03-05T06:00,68,11.1,0,0.0,20.9,0,0.0,0,2026-03-05
2026-03-05T07:00,67,10.9,1,1068.15,21.1,0,0.0,0,2026-03-05
2026-03-05T08:00,60,8.9,1,3600.0,22.8,0,0.0,0,2026-03-05
2026-03-05T09:00,51,9.2,1,3600.0,25.5,0,0.0,0,2026-03-05
2026-03-05T10:00,43,10.0,1,3600.0,28.3,0,0.0,0,2026-03-05
2026-03-05T11:00,36,11.3,1,3600.0,30.8,0,0.0,0,2026-03-05
2026-03-05T12:00,31,12.9,1,3600.0,32.8,0,0.0,0,2026-03-05
2026-03-05T13:00,28,15.8,1,3600.0,33.8,0,0.0,0,2026-03-05
2026-03-05T14:00,29,16.7,1,3600.0,34.0,0,0.0,0,2026-03-05
2026-03-05T15:00,31,16.2,1,3600.0,33.8,0,0.0,0,2026-03-05
2026-03-05T16:00,37,16.1,1,3600.0,32.8,0,0.0,0,2026-03-05
2026-03-05T17:00,33,15.9,1,3600.0,32.3,0,0.0,0,2026-03-05
2026-03-05T18:00,35,11.7,0,1952.11,31.0,0,0.0,0,2026-03-05
2026-03-05T19:00,38,10.7,0,0.0,29.7,0,0.0,0,2026-03-05
2026-03-05T20:00,38,10.8,0,0.0,28.8,0,0.0,0,2026-03-05
2026-03-05T21:00,38,10.2,0,0.0,28.0,0,0.0,0,2026-03-05
2026-03-05T22:00,38,9.7,0,0.0,27.2,0,0.0,0,2026-03-05
2026-03-05T23:00,42,9.3,0,0.0,26.6,0,0.0,0,2026-03-05
2026-03-06T00:00,46,7.5,0,0.0,25.1,0,0.0,0,2026-03-06
2026-03-06T01:00,54,5.5,0,0.0,23.4,0,0.0,0,2026-03-06
2026-03-06T02:00,59,4.8,0,0.0,22.2,0,0.0,0,2026-03-06
2026-03-06T03:00,60,5.1,0,0.0,21.4,0,0.0,0,2026-03-06
2026-03-06T04:00,61,5.6,0,0.0,20.8,0,0.0,0,2026-03-06
2026-03-06T05:00,66,5.3,0,0.0,20.0,0,0.0,0,2026-03-06
2026-03-06T06:00,69,4.4,0,0.0,19.5,0,0.0,0,2026-03-06
2026-03-06T07:00,66,4.1,1,1298.39,20.4,0,0.0,0,2026-03-06
2026-03-06T08:00,59,3.2,1,3600.0,22.7,0,0.0,0,2026-03-06
2026-03-06T09:00,52,3.1,1,3600.0,25.7,0,0.0,0,2026-03-06
2026-03-06T10:00,45,3.5,1,3600.0,28.5,0,0.0,0,2026-03-06
2026-03-06T11:00,38,5.9,1,3600.0,30.9,0,0.0,0,2026-03-06
2026-03-06T12:00,30,7.7,1,3600.0,33.0,0,0.0,0,2026-03-06
2026-03-06T13:00,24,10.4,1,3600.0,34.1,0,0.0,0,2026-03-06
2026-03-06T14:00,21,11.0,1,3600.0,34.5,0,0.0,0,2026-03-06
2026-03-06T15:00,20,11.3,1,3600.0,34.4,0,0.0,0,2026-03-06
2026-03-06T16:00,21,11.1,1,3600.0,33.7,0,0.0,0,2026-03-06
2026-03-06T17:00,30,10.7,1,3600.0,31.8,0,0.0,0,2026-03-06
2026-03-06T18:00,34,5.6,0,2194.59,30.4,0,0.0,0,2026-03-06
2026-03-06T19:00,37,4.5,0,0.0,29.4,0,0.0,0,2026-03-06
2026-03-06T20:00,39,5.2,0,0.0,29.2,0,0.0,0,2026-03-06
2026-03-06T21:00,47,3.8,0,0.0,27.4,0,0.0,0,2026-03-06
2026-03-06T22:00,54,4.1,0,0.0,26.0,0,0.0,0,2026-03-06
2026-03-06T23:00,66,3.7,0,0.0,25.2,0,0.0,0,2026-03-06
2026-03-07T00:00,69,3.0,0,0.0,24.6,0,0.0,0,2026-03-07
2026-03-07T01:00,73,3.1,0,0.0,23.9,0,0.0,0,2026-03-07
2026-03-07T02:00,75,2.4,0,0.0,23.3,0,0.0,0,2026-03-07
2026-03-07T03:00,78,2.4,0,0.0,22.6,0,0.0,0,2026-03-07
2026-03-07T04:00,81,2.5,0,0.0,21.9,0,0.0,0,2026-03-07
2026-03-07T05:00,87,3.6,0,0.0,20.8,0,0.0,0,2026-03-07
2026-03-07T06:00,89,4.2,0,0.0,20.1,0,0.0,0,2026-03-07
2026-03-07T07:00,86,4.6,1,1263.61,21.0,0,0.0,0,2026-03-07
2026-03-07T08:00,77,3.2,1,3600.0,22.9,0,0.0,0,2026-03-07
2026-03-07T09:00,65,3.3,1,3600.0,25.8,0,0.0,0,2026-03-07
2026-03-07T10:00,52,4.0,1,3600.0,28.9,0,0.0,0,2026-03-07
2026-03-07T11:00,40,4.0,1,3600.0,31.3,0,0.0,0,2026-03-07
2026-03-07T12:00,30,2.9,1,3600.0,33.6,0,0.0,0,2026-03-07
2026-03-07T13:00,24,4.7,1,3600.0,34.8,0,0.0,0,2026-03-07
2026-03-07T14:00,22,6.7,1,3600.0,35.3,0,0.0,0,2026-03-07
2026-03-07T15:00,21,8.4,1,3600.0,35.2,0,0.0,0,2026-03-07
2026-03-07T16:00,21,9.3,1,3600.0,34.5,0,0.0,0,2026-03-07
2026-03-07T17:00,24,8.4,1,3600.0,33.0,0,0.0,0,2026-03-07
2026-03-07T18:00,27,5.1,0,2436.9,31.3,0,0.0,0,2026-03-07
2026-03-07T19:00,35,2.7,0,0.0,29.5,0,0.0,0,2026-03-07
2026-03-07T20:00,39,2.8,0,0.0,28.7,0,0.0,0,2026-03-07
2026-03-07T21:00,44,2.5,0,0.0,27.9,0,0.0,0,2026-03-07
2026-03-07T22:00,51,1.8,0,0.0,26.8,0,0.0,0,2026-03-07
2026-03-07T23:00,56,2.2,0,0.0,26.1,0,0.0,0,2026-03-07
2026-03-08T00:00,61,2.5,0,0.0,25.0,0,0.0,0,2026-03-08
2026-03-08T01:00,66,2.7,0,0.0,24.2,0,0.0,0,2026-03-08
2026-03-08T02:00,73,3.7,0,0.0,23.0,0,0.0,0,2026-03-08
2026-03-08T03:00,75,3.2,0,0.0,22.5,0,0.0,0,2026-03-08
2026-03-08T04:00,78,4.3,0,0.0,21.5,0,0.0,0,2026-03-08
2026-03-08T05:00,80,3.1,0,0.0,20.8,0,0.0,0,2026-03-08
2026-03-08T06:00,79,1.5,0,0.0,20.8,0,0.0,0,2026-03-08
2026-03-08T07:00,75,1.9,1,1492.52,21.6,0,0.0,0,2026-03-08
2026-03-08T08:00,62,2.2,1,3600.0,24.8,0,0.0,0,2026-03-08
2026-03-08T09:00,48,2.6,1,3600.0,28.2,0,0.0,0,2026-03-08
2026-03-08T10:00,37,3.3,1,3600.0,30.9,0,0.0,0,2026-03-08
2026-03-08T11:00,29,5.6,1,3600.0,33.1,0,0.0,0,2026-03-08
2026-03-08T12:00,22,8.3,1,3600.0,35.1,0,0.0,0,2026-03-08
2026-03-08T13:00,20,11.1,1,3600.0,35.7,0,0.0,0,2026-03-08
2026-03-08T14:00,20,11.4,1,3600.0,35.8,0,0.0,0,2026-03-08
2026-03-08T15:00,20,11.8,1,3600.0,35.6,0,0.0,0,2026-03-08
2026-03-08T16:00,23,12.1,1,3600.0,34.6,0,0.0,0,2026-03-08
2026-03-08T17:00,27,12.1,1,3600.0,33.3,6,0.0,0,2026-03-08
2026-03-08T18:00,28,8.0,0,2414.92,32.0,95,0.0,3,2026-03-08
2026-03-08T19:00,33,4.6,0,0.0,30.4,98,0.0,3,2026-03-08
2026-03-08T20:00,37,4.7,0,0.0,29.4,0,0.0,0,2026-03-08
2026-03-08T21:00,41,4.0,0,0.0,28.6,0,0.0,0,2026-03-08
2026-03-08T22:00,43,4.7,0,0.0,27.3,0,0.0,0,2026-03-08
2026-03-08T23:00,50,6.0,0,0.0,26.4,0,0.0,0,2026-03-08
2026-03-09T00:00,55,5.8,0,0.0,25.1,13,0.0,0,2026-03-09
2026-03-09T01:00,58,6.5,0,0.0,24.2,95,0.0,3,2026-03-09
2026-03-09T02:00,61,6.8,0,0.0,23.2,1,0.0,0,2026-03-09
2026-03-09T03:00,63,5.8,0,0.0,22.3,0,0.0,0,2026-03-09
2026-03-09T04:00,64,5.8,0,0.0,21.9,0,0.0,0,2026-03-09
2026-03-09T05:00,73,4.8,0,0.0,21.0,0,0.0,0,2026-03-09
2026-03-09T06:00,73,5.5,0,0.0,20.7,0,0.0,0,2026-03-09
2026-03-09T07:00,70,7.3,1,1456.96,21.3,1,0.0,0,2026-03-09
2026-03-09T08:00,60,5.3,1,3600.0,23.8,8,0.0,0,2026-03-09
2026-03-09T09:00,52,5.8,1,3600.0,26.9,4,0.0,0,2026-03-09
2026-03-09T10:00,46,6.0,1,3600.0,29.6,28,0.0,1,2026-03-09
2026-03-09T11:00,38,9.4,1,3600.0,32.1,71,0.0,2,2026-03-09
2026-03-09T12:00,31,10.0,1,3600.0,34.0,67,0.0,2,2026-03-09
2026-03-09T13:00,25,10.9,1,3600.0,35.1,38,0.0,1,2026-03-09
2026-03-09T14:00,24,11.2,1,3600.0,35.5,1,0.0,0,2026-03-09
2026-03-09T15:00,27,10.7,1,3600.0,35.1,74,0.0,2,2026-03-09
2026-03-09T16:00,27,10.4,1,3600.0,34.4,91,0.0,3,2026-03-09
2026-03-09T17:00,33,11.7,1,3600.0,32.7,100,0.0,3,2026-03-09
2026-03-09T18:00,38,8.7,0,281.8,31.4,98,0.0,3,2026-03-09
2026-03-09T19:00,42,5.3,0,0.0,30.5,100,0.0,3,2026-03-09
2026-03-09T20:00,48,3.9,0,0.0,29.2,40,0.0,1,2026-03-09
2026-03-09T21:00,53,3.6,0,0.0,28.3,5,0.0,0,2026-03-09
2026-03-09T22:00,55,2.1,0,0.0,27.7,0,0.0,0,2026-03-09
2026-03-09T23:00,62,2.2,0,0.0,26.8,0,0.0,0,2026-03-09
2026-03-10T00:00,65,3.3,0,0.0,25.9,0,0.0,0,2026-03-10
2026-03-10T01:00,70,2.9,0,0.0,25.1,0,0.0,0,2026-03-10
2026-03-10T02:00,74,0.3,0,0.0,24.4,0,0.0,0,2026-03-10
2026-03-10T03:00,76,1.5,0,0.0,23.5,16,0.0,0,2026-03-10
2026-03-10T04:00,76,1.3,0,0.0,22.8,14,0.0,0,2026-03-10
2026-03-10T05:00,75,0.3,0,0.0,23.5,60,0.0,2,2026-03-10
2026-03-10T06:00,79,0.4,0,0.0,22.7,86,0.0,3,2026-03-10
2026-03-10T07:00,79,2.2,1,630.32,22.4,23,0.0,1,2026-03-10
2026-03-10T08:00,67,0.6,1,3600.0,25.2,5,0.0,0,2026-03-10
2026-03-10T09:00,58,1.0,1,3600.0,27.9,21,0.0,1,2026-03-10
2026-03-10T10:00,49,0.6,1,3600.0,30.4,93,0.0,3,2026-03-10
2026-03-10T11:00,42,2.4,1,3600.0,31.9,94,0.0,3,2026-03-10
2026-03-10T12:00,33,4.7,1,3600.0,34.2,39,0.0,1,2026-03-10
2026-03-10T13:00,27,8.3,1,3600.0,35.3,0,0.0,0,2026-03-10
2026-03-10T14:00,25,10.2,1,3600.0,35.5,0,0.0,0,2026-03-10
2026-03-10T15:00,25,11.0,1,3600.0,35.2,38,0.0,1,2026-03-10
2026-03-10T16:00,23,11.1,1,3600.0,34.7,1,0.0,0,2026-03-10
2026-03-10T17:00,22,10.4,1,3600.0,33.7,0,0.0,0,2026-03-10
2026-03-10T18:00,30,6.8,0,2635.82,31.8,0,0.0,0,2026-03-10
2026-03-10T19:00,37,4.6,0,0.0,30.7,0,0.0,0,2026-03-10
2026-03-10T20:00,47,1.3,0,0.0,29.2,1,0.0,0,2026-03-10
2026-03-10T21:00,50,1.0,0,0.0,28.1,0,0.0,0,2026-03-10
2026-03-10T22:00,50,1.3,0,0.0,27.3,0,0.0,0,2026-03-10
2026-03-10T23:00,54,1.3,0,0.0,26.6,0,0.0,0,2026-03-10
2026-03-11T00:00,55,1.2,0,0.0,25.8,0,0.0,0,2026-03-11
2026-03-11T01:00,59,3.2,0,0.0,24.5,0,0.0,0,2026-03-11
2026-03-11T02:00,63,2.6,0,0.0,23.6,0,0.0,0,2026-03-11
2026-03-11T03:00,67,2.0,0,0.0,22.7,0,0.0,0,2026-03-11
2026-03-11T04:00,71,1.7,0,0.0,22.1,0,0.0,0,2026-03-11
2026-03-11T05:00,77,5.1,0,0.0,21.0,1,0.0,0,2026-03-11
2026-03-11T06:00,78,4.0,0,0.0,20.5,16,0.0,0,2026-03-11
2026-03-11T07:00,71,5.4,1,2175.74,21.7,0,0.0,0,2026-03-11
2026-03-11T08:00,59,3.8,1,3600.0,24.6,0,0.0,0,2026-03-11
2026-03-11T09:00,44,4.8,1,3600.0,28.4,3,0.0,0,2026-03-11
2026-03-11T10:00,29,8.1,1,3600.0,31.8,4,0.0,0,2026-03-11
2026-03-11T11:00,21,11.3,1,3600.0,34.2,0,0.0,0,2026-03-11
2026-03-11T12:00,15,13.3,1,3600.0,35.9,6,0.0,0,2026-03-11
2026-03-11T13:00,14,15.7,1,3600.0,36.3,63,0.0,2,2026-03-11
2026-03-11T14:00,13,16.9,1,3600.0,36.2,0,0.0,0,2026-03-11
2026-03-11T15:00,14,15.5,1,3600.0,36.0,0,0.0,0,2026-03-11
2026-03-11T16:00,14,15.2,1,3600.0,35.6,5,0.0,0,2026-03-11
2026-03-11T17:00,15,12.5,1,3600.0,34.3,0,0.0,0,2026-03-11
2026-03-11T18:00,21,4.8,0,2878.26,31.8,93,0.0,3,2026-03-11
2026-03-11T19:00,24,4.2,0,0.0,30.7,99,0.0,3,2026-03-11
2026-03-11T20:00,27,5.2,0,0.0,29.6,100,0.0,3,2026-03-11
2026-03-11T21:00,28,6.4,0,0.0,29.0,77,0.0,2,2026-03-11
2026-03-11T22:00,28,5.9,0,0.0,27.6,97,0.0,3,2026-03-11
2026-03-11T23:00,36,6.8,0,0.0,26.6,98,0.0,3,2026-03-11
2026-03-12T00:00,39,5.6,0,0.0,25.0,100,0.0,3,2026-03-12
2026-03-12T01:00,41,5.3,0,0.0,24.3,97,0.0,3,2026-03-12
2026-03-12T02:00,44,5.2,0,0.0,23.4,100,0.0,3,2026-03-12
2026-03-12T03:00,48,4.4,0,0.0,22.5,84,0.0,3,2026-03-12
2026-03-12T04:00,52,4.5,0,0.0,21.6,97,0.0,3,2026-03-12
2026-03-12T05:00,68,5.8,0,0.0,21.2,83,0.0,3,2026-03-12
2026-03-12T06:00,67,7.2,0,0.0,21.2,100,0.0,3,2026-03-12
2026-03-12T07:00,58,8.5,1,559.48,22.4,75,0.0,2,2026-03-12
2026-03-12T08:00,45,6.4,1,3600.0,25.0,16,0.0,0,2026-03-12
2026-03-12T09:00,34,7.7,1,3600.0,28.1,68,0.0,2,2026-03-12
2026-03-12T10:00,25,9.8,1,3600.0,31.1,99,0.0,3,2026-03-12
2026-03-12T11:00,18,14.2,1,3600.0,33.9,100,0.0,3,2026-03-12
2026-03-12T12:00,11,16.0,1,3600.0,35.4,100,0.0,3,2026-03-12
2026-03-12T13:00,11,13.6,1,3600.0,35.7,100,0.0,3,2026-03-12
2026-03-12T14:00,10,13.2,1,3600.0,35.9,100,0.0,3,2026-03-12
2026-03-12T15:00,11,13.5,1,3600.0,35.5,100,0.0,3,2026-03-12
2026-03-12T16:00,11,10.7,1,3600.0,34.9,100,0.0,3,2026-03-12
2026-03-12T17:00,18,10.3,1,3600.0,32.5,100,0.0,3,2026-03-12
2026-03-12T18:00,23,5.3,0,750.62,30.8,88,0.0,3,2026-03-12
2026-03-12T19:00,27,4.3,0,0.0,29.5,38,0.0,1,2026-03-12
2026-03-12T20:00,30,4.2,0,0.0,28.5,97,0.0,3,2026-03-12
2026-03-12T21:00,32,3.8,0,0.0,27.9,89,0.0,3,2026-03-12
2026-03-12T22:00,33,5.5,0,0.0,27.0,0,0.0,0,2026-03-12
2026-03-12T23:00,44,6.7,0,0.0,26.7,0,0.0,0,2026-03-12
2026-03-13T00:00,48,6.2,0,0.0,25.6,0,0.0,0,2026-03-13
2026-03-13T01:00,52,5.7,0,0.0,24.7,6,0.0,0,2026-03-13
2026-03-13T02:00,55,6.7,0,0.0,24.1,73,0.0,2,2026-03-13
2026-03-13T03:00,59,7.7,0,0.0,23.5,100,0.0,3,2026-03-13
2026-03-13T04:00,65,6.9,0,0.0,23.0,100,0.0,3,2026-03-13
2026-03-13T05:00,76,5.9,0,0.0,22.1,91,0.0,3,2026-03-13
2026-03-13T06:00,79,5.9,0,0.0,21.7,100,0.0,3,2026-03-13
2026-03-13T07:00,77,7.7,1,260.73,22.1,100,0.0,3,2026-03-13
2026-03-13T08:00,68,7.2,1,3600.0,24.0,100,0.0,3,2026-03-13
2026-03-13T09:00,56,8.0,1,3600.0,26.3,100,0.0,3,2026-03-13
2026-03-13T10:00,44,9.2,1,3600.0,28.7,100,0.0,3,2026-03-13
2026-03-13T11:00,31,10.8,1,3600.0,30.7,100,0.0,3,2026-03-13
2026-03-13T12:00,25,10.9,1,3600.0,32.1,100,0.0,3,2026-03-13
2026-03-13T13:00,24,12.7,1,3600.0,32.5,100,0.0,3,2026-03-13
2026-03-13T14:00,25,13.4,1,3600.0,32.4,100,0.0,3,2026-03-13
2026-03-13T15:00,24,13.3,1,3600.0,32.2,100,0.0,3,2026-03-13
2026-03-13T16:00,22,13.4,1,3600.0,31.8,70,0.0,2,2026-03-13
2026-03-13T17:00,25,14.0,1,3600.0,30.0,95,0.0,3,2026-03-13
2026-03-13T18:00,30,10.1,0,2836.83,28.9,32,0.0,1,2026-03-13
2026-03-13T19:00,33,8.1,0,0.0,27.9,24,0.0,1,2026-03-13
2026-03-13T20:00,36,7.8,0,0.0,27.1,98,0.0,3,2026-03-13
2026-03-13T21:00,37,7.5,0,0.0,26.4,100,0.0,3,2026-03-13
2026-03-13T22:00,35,11.1,0,0.0,26.3,100,0.0,3,2026-03-13
2026-03-13T23:00,41,9.9,0,0.0,25.4,100,0.0,3,2026-03-13
2026-03-14T00:00,41,9.9,0,0.0,24.6,100,0.0,3,2026-03-14
2026-03-14T01:00,42,8.7,0,0.0,23.9,52,0.0,2,2026-03-14
2026-03-14T02:00,44,7.9,0,0.0,23.1,100,0.0,3,2026-03-14
2026-03-14T03:00,47,5.9,0,0.0,22.3,100,0.0,3,2026-03-14
2026-03-14T04:00,50,6.0,0,0.0,21.6,98,0.0,3,2026-03-14
2026-03-14T05:00,59,6.1,0,0.0,20.7,100,0.0,3,2026-03-14
2026-03-14T06:00,62,5.5,0,0.0,20.1,99,0.0,3,2026-03-14
2026-03-14T07:00,60,7.2,1,0.0,20.8,9,0.0,0,2026-03-14
2026-03-14T08:00,54,6.2,1,3600.0,22.8,26,0.0,1,2026-03-14
2026-03-14T09:00,43,6.5,1,3600.0,25.9,24,0.0,1,2026-03-14
2026-03-14T10:00,30,7.2,1,3600.0,28.9,20,0.0,1,2026-03-14
2026-03-14T11:00,22,7.7,1,3600.0,31.1,97,0.0,3,2026-03-14
2026-03-14T12:00,19,9.5,1,3600.0,32.4,100,0.0,3,2026-03-14
2026-03-14T13:00,18,10.9,1,3301.01,32.3,98,0.0,3,2026-03-14
2026-03-14T14:00,17,10.5,1,3600.0,32.8,57,0.0,2,2026-03-14
2026-03-14T15:00,19,10.1,1,3600.0,33.1,68,0.0,2,2026-03-14
2026-03-14T16:00,21,12.8,1,3600.0,31.8,96,0.0,3,2026-03-14
2026-03-14T17:00,16,5.7,1,2851.2,31.5,11,0.0,0,2026-03-14
2026-03-14T18:00,19,4.7,0,2816.68,30.0,63,0.0,2,2026-03-14
2026-03-14T19:00,26,2.9,0,0.0,28.4,38,0.0,1,2026-03-14
2026-03-14T20:00,32,0.4,0,0.0,27.5,6,0.0,0,2026-03-14
2026-03-14T21:00,33,1.0,0,0.0,26.5,5,0.0,0,2026-03-14
2026-03-14T22:00,35,4.4,0,0.0,25.4,0,0.0,0,2026-03-14
2026-03-14T23:00,39,6.6,0,0.0,25.3,2,0.0,0,2026-03-14
2026-03-15T00:00,44,5.2,0,0.0,23.6,67,0.0,2,2026-03-15
2026-03-15T01:00,48,5.2,0,0.0,22.8,100,0.0,3,2026-03-15
2026-03-15T02:00,51,4.1,0,0.0,22.6,100,0.0,3,2026-03-15
2026-03-15T03:00,76,13.1,0,0.0,18.4,100,1.7,61,2026-03-15
2026-03-15T04:00,78,10.0,0,0.0,18.5,100,0.0,3,2026-03-15
2026-03-15T05:00,83,8.6,0,0.0,18.2,100,0.0,3,2026-03-15
2026-03-15T06:00,89,11.5,0,0.0,18.6,100,0.7,53,2026-03-15
2026-03-15T07:00,82,8.6,1,0.0,19.5,100,0.0,3,2026-03-15
2026-03-15T08:00,66,11.5,1,667.95,20.8,35,0.0,1,2026-03-15
2026-03-15T09:00,52,10.1,1,3600.0,23.6,30,0.0,1,2026-03-15
2026-03-15T10:00,43,13.5,1,3600.0,25.5,41,0.2,51,2026-03-15
2026-03-15T11:00,47,10.6,1,3600.0,25.7,23,0.0,1,2026-03-15
2026-03-15T12:00,44,13.0,1,3600.0,26.8,5,0.0,0,2026-03-15
2026-03-15T13:00,41,13.8,1,3600.0,27.3,8,0.0,0,2026-03-15
2026-03-15T14:00,47,11.5,1,3600.0,26.4,59,0.0,2,2026-03-15
2026-03-15T15:00,50,13.5,1,3600.0,26.0,34,0.0,1,2026-03-15
2026-03-15T16:00,46,13.9,1,3600.0,26.1,61,0.0,2,2026-03-15
2026-03-15T17:00,35,13.6,1,3600.0,27.3,33,0.0,1,2026-03-15
2026-03-15T18:00,41,13.0,0,2534.01,25.4,16,0.0,0,2026-03-15
2026-03-15T19:00,46,14.1,0,0.0,24.2,3,0.0,0,2026-03-15
2026-03-15T20:00,50,14.8,0,0.0,23.3,0,0.0,0,2026-03-15
2026-03-15T21:00,54,13.1,0,0.0,22.3,0,0.0,0,2026-03-15
2026-03-15T22:00,59,12.6,0,0.0,21.1,0,0.0,0,2026-03-15
2026-03-15T23:00,66,11.6,0,0.0,21.1,24,0.0,1,2026-03-15
2026-03-16T00:00,66,11.1,0,0.0,20.8,7,0.0,0,2026-03-16
2026-03-16T01:00,65,11.5,0,0.0,19.5,0,0.0,0,2026-03-16
2026-03-16T02:00,66,12.1,0,0.0,19.0,2,0.0,0,2026-03-16
2026-03-16T03:00,67,12.4,0,0.0,18.5,83,0.0,3,2026-03-16
2026-03-16T04:00,70,9.8,0,0.0,17.9,18,0.0,0,2026-03-16
2026-03-16T05:00,73,12.3,0,0.0,17.4,2,0.0,0,2026-03-16
2026-03-16T06:00,72,11.2,0,0.0,17.4,0,0.0,0,2026-03-16
2026-03-16T07:00,69,9.9,1,3308.15,18.1,0,0.0,0,2026-03-16
2026-03-16T08:00,60,10.7,1,3600.0,20.0,0,0.0,0,2026-03-16
2026-03-16T09:00,49,12.0,1,3600.0,22.6,0,0.0,0,2026-03-16
2026-03-16T10:00,42,13.3,1,3600.0,25.0,18,0.0,0,2026-03-16
2026-03-16T11:00,37,14.0,1,3600.0,27.4,34,0.0,1,2026-03-16
2026-03-16T12:00,34,16.3,1,3600.0,29.1,0,0.0,0,2026-03-16
2026-03-16T13:00,30,16.5,1,3600.0,30.3,15,0.0,0,2026-03-16
2026-03-16T14:00,24,9.7,1,3600.0,30.8,34,0.3,51,2026-03-16
2026-03-16T15:00,18,9.4,1,3600.0,30.6,43,0.0,1,2026-03-16
2026-03-16T16:00,22,10.3,1,3600.0,29.9,20,0.0,1,2026-03-16
2026-03-16T17:00,34,12.4,1,3600.0,26.9,20,0.0,1,2026-03-16
2026-03-16T18:00,38,9.1,0,2777.43,25.9,7,0.0,0,2026-03-16
2026-03-16T19:00,45,9.0,0,0.0,24.6,28,0.0,1,2026-03-16
2026-03-16T20:00,52,7.7,0,0.0,23.2,72,0.0,2,2026-03-16
2026-03-16T21:00,56,11.3,0,0.0,22.4,100,0.0,3,2026-03-16
2026-03-16T22:00,56,5.5,0,0.0,21.7,100,0.0,3,2026-03-16
2026-03-16T23:00,60,9.5,0,0.0,21.9,100,0.0,3,2026-03-16
2026-03-17T00:00,65,7.6,0,0.0,20.8,100,0.0,3,2026-03-17
2026-03-17T01:00,70,7.7,0,0.0,20.0,57,0.0,2,2026-03-17
2026-03-17T02:00,70,8.2,0,0.0,19.3,49,0.0,1,2026-03-17
2026-03-17T03:00,69,6.9,0,0.0,18.8,72,0.0,2,2026-03-17
2026-03-17T04:00,68,6.1,0,0.0,18.5,67,0.0,2,2026-03-17
2026-03-17T05:00,73,4.0,0,0.0,17.6,34,0.0,1,2026-03-17
2026-03-17T06:00,73,3.4,1,0.0,17.4,95,0.0,3,2026-03-17
2026-03-17T07:00,68,3.5,1,2220.85,18.3,100,0.0,3,2026-03-17
2026-03-17T08:00,58,1.5,1,3600.0,20.4,1,0.0,0,2026-03-17
2026-03-17T09:00,46,2.4,1,3600.0,23.8,2,0.0,0,2026-03-17
2026-03-17T10:00,35,3.2,1,3600.0,27.0,91,0.0,3,2026-03-17
2026-03-17T11:00,36,5.1,1,3600.0,28.5,98,0.0,3,2026-03-17
2026-03-17T12:00,33,5.4,1,3600.0,29.9,71,0.0,2,2026-03-17
2026-03-17T13:00,30,5.0,1,3600.0,30.8,28,0.0,1,2026-03-17
2026-03-17T14:00,27,5.1,1,3600.0,31.5,13,0.0,0,2026-03-17
2026-03-17T15:00,26,8.1,1,3600.0,31.3,8,0.0,0,2026-03-17
2026-03-17T16:00,25,7.6,1,3600.0,30.8,15,0.0,0,2026-03-17
2026-03-17T17:00,33,10.7,1,3600.0,28.9,1,0.0,0,2026-03-17
2026-03-17T18:00,39,9.6,1,3283.6,27.3,2,0.0,0,2026-03-17
2026-03-17T19:00,45,8.4,0,0.0,25.9,99,0.0,3,2026-03-17
2026-03-17T20:00,48,6.7,0,0.0,25.0,100,0.0,3,2026-03-17
2026-03-17T21:00,52,4.9,0,0.0,24.0,100,0.0,3,2026-03-17
2026-03-17T22:00,55,4.4,0,0.0,23.1,100,0.0,3,2026-03-17
2026-03-17T23:00,62,4.0,0,0.0,22.8,100,0.0,3,2026-03-17
2026-03-18T00:00,64,3.6,0,0.0,22.2,100,0.0,3,2026-03-18
2026-03-18T01:00,67,3.3,0,0.0,21.5,98,0.0,3,2026-03-18
2026-03-18T02:00,70,3.1,0,0.0,20.9,100,0.0,3,2026-03-18
2026-03-18T03:00,69,3.0,0,0.0,20.8,100,0.0,3,2026-03-18
2026-03-18T04:00,68,2.5,0,0.0,21.0,58,0.0,2,2026-03-18
2026-03-18T05:00,79,4.0,0,0.0,19.5,16,0.0,0,2026-03-18
2026-03-18T06:00,79,3.5,1,0.0,19.3,0,0.0,0,2026-03-18
2026-03-18T07:00,73,4.4,1,3498.38,20.3,2,0.0,0,2026-03-18
2026-03-18T08:00,64,2.7,1,3600.0,22.5,1,0.0,0,2026-03-18
2026-03-18T09:00,51,3.1,1,3600.0,25.6,7,0.0,0,2026-03-18
2026-03-18T10:00,43,2.2,1,3600.0,28.0,19,0.0,0,2026-03-18
2026-03-18T11:00,38,1.1,1,3600.0,29.2,30,0.0,1,2026-03-18
2026-03-18T12:00,29,2.3,1,3600.0,31.5,29,0.0,1,2026-03-18
2026-03-18T13:00,25,2.4,1,3600.0,32.2,80,0.0,3,2026-03-18
2026-03-18T14:00,32,9.0,1,3600.0,30.2,79,0.5,53,2026-03-18
2026-03-18T15:00,31,4.8,1,3600.0,29.4,100,0.4,51,2026-03-18
2026-03-18T16:00,33,2.2,1,3600.0,28.8,98,0.0,3,2026-03-18
2026-03-18T17:00,39,13.0,1,3269.44,26.7,100,0.0,3,2026-03-18
2026-03-18T18:00,67,14.5,1,0.0,21.8,100,1.4,61,2026-03-18
2026-03-18T19:00,68,11.0,0,0.0,21.8,100,0.2,51,2026-03-18
2026-03-18T20:00,71,8.0,0,0.0,21.2,100,0.0,3,2026-03-18
2026-03-18T21:00,71,4.5,0,0.0,21.0,100,0.7,53,2026-03-18
2026-03-18T22:00,71,10.8,0,0.0,20.9,100,0.2,51,2026-03-18
2026-03-18T23:00,60,12.3,0,0.0,22.4,100,0.3,51,2026-03-18
2026-03-19T00:00,58,7.7,0,0.0,22.0,100,0.0,3,2026-03-19
2026-03-19T01:00,61,6.0,0,0.0,21.7,100,0.0,3,2026-03-19
2026-03-19T02:00,58,7.9,0,0.0,21.7,93,0.0,3,2026-03-19
2026-03-19T03:00,58,8.3,0,0.0,21.1,64,0.2,51,2026-03-19
2026-03-19T04:00,62,5.4,0,0.0,20.5,10,0.0,0,2026-03-19
2026-03-19T05:00,69,12.5,0,0.0,21.4,97,0.0,3,2026-03-19
2026-03-19T06:00,70,4.2,1,0.0,21.4,98,0.0,3,2026-03-19
2026-03-19T07:00,66,7.7,1,1361.8,22.1,100,0.0,3,2026-03-19
2026-03-19T08:00,64,1.5,1,448.01,22.7,92,0.0,3,2026-03-19
2026-03-19T09:00,56,1.9,1,3600.0,24.4,50,0.0,2,2026-03-19
2026-03-19T10:00,46,2.9,1,3600.0,27.1,92,0.0,3,2026-03-19
2026-03-19T11:00,49,5.4,1,3600.0,26.8,100,0.0,3,2026-03-19
2026-03-19T12:00,49,4.6,1,0.0,26.0,83,0.6,53,2026-03-19
2026-03-19T13:00,59,9.3,1,3600.0,24.8,80,2.6,63,2026-03-19
2026-03-19T14:00,57,12.5,1,3600.0,24.8,99,0.0,3,2026-03-19
2026-03-19T15:00,58,11.3,1,2688.46,24.2,67,0.0,2,2026-03-19
2026-03-19T16:00,62,9.3,1,3600.0,23.4,98,0.0,3,2026-03-19
2026-03-19T17:00,68,16.6,1,2318.63,22.2,92,0.0,3,2026-03-19
2026-03-19T18:00,82,10.0,1,1146.22,19.5,94,0.0,3,2026-03-19
2026-03-19T19:00,85,8.9,0,0.0,19.0,76,0.0,2,2026-03-19
2026-03-19T20:00,88,11.1,0,0.0,18.6,100,0.0,3,2026-03-19
2026-03-19T21:00,85,12.1,0,0.0,18.6,96,0.0,3,2026-03-19
2026-03-19T22:00,83,10.9,0,0.0,18.3,84,0.0,3,2026-03-19
2026-03-19T23:00,83,4.1,0,0.0,18.3,34,0.0,1,2026-03-19
2026-03-20T00:00,88,6.7,0,0.0,17.8,45,0.0,1,2026-03-20
2026-03-20T01:00,91,5.9,0,0.0,17.3,99,0.0,3,2026-03-20
2026-03-20T02:00,90,6.3,0,0.0,17.2,100,0.0,3,2026-03-20
2026-03-20T03:00,88,3.8,0,0.0,17.4,100,0.0,3,2026-03-20
2026-03-20T04:00,89,3.2,0,0.0,17.1,100,0.0,3,2026-03-20
2026-03-20T05:00,97,9.2,0,0.0,16.9,100,0.0,3,2026-03-20
2026-03-20T06:00,95,11.4,1,0.0,16.8,100,0.3,51,2026-03-20
2026-03-20T07:00,94,10.5,1,0.0,17.1,100,0.9,53,2026-03-20
2026-03-20T08:00,91,6.9,1,0.0,17.5,100,0.3,51,2026-03-20
2026-03-20T09:00,89,6.0,1,0.0,17.9,100,0.1,51,2026-03-20
2026-03-20T10:00,86,7.3,1,0.0,18.2,100,0.3,51,2026-03-20
2026-03-20T11:00,85,6.2,1,0.0,18.4,100,0.2,51,2026-03-20
2026-03-20T12:00,80,5.2,1,0.0,18.6,100,0.3,51,2026-03-20
2026-03-20T13:00,79,4.3,1,0.0,19.0,100,0.1,51,2026-03-20
2026-03-20T14:00,75,2.7,1,2999.18,20.0,88,0.0,3,2026-03-20
2026-03-20T15:00,72,3.6,1,3600.0,20.5,98,0.1,51,2026-03-20
2026-03-20T16:00,69,4.0,1,3600.0,20.6,100,0.0,3,2026-03-20
2026-03-20T17:00,74,4.1,1,3600.0,19.9,34,0.2,51,2026-03-20
2026-03-20T18:00,82,3.9,1,2178.06,18.9,40,0.0,1,2026-03-20
2026-03-20T19:00,86,3.8,0,0.0,17.9,26,0.0,1,2026-03-20
2026-03-20T20:00,89,3.6,0,0.0,17.2,6,0.0,0,2026-03-20
2026-03-20T21:00,91,3.1,0,0.0,16.6,8,0.0,0,2026-03-20
2026-03-20T22:00,91,0.4,0,0.0,16.4,3,0.0,0,2026-03-20
2026-03-20T23:00,93,0.2,0,0.0,16.5,0,0.0,0,2026-03-20
2026-03-21T00:00,93,0.7,0,0.0,16.5,0,0.0,0,2026-03-21
2026-03-21T01:00,96,3.1,0,0.0,15.9,0,0.0,0,2026-03-21
2026-03-21T02:00,97,5.7,0,0.0,15.6,1,0.0,0,2026-03-21
2026-03-21T03:00,98,3.8,0,0.0,15.1,2,0.0,0,2026-03-21
2026-03-21T04:00,100,4.3,0,0.0,14.8,100,0.0,3,2026-03-21
2026-03-21T05:00,99,5.6,0,0.0,15.0,100,0.0,3,2026-03-21
2026-03-21T06:00,98,3.9,1,0.0,15.1,100,0.0,3,2026-03-21
2026-03-21T07:00,99,2.3,1,0.0,15.1,100,0.0,3,2026-03-21
2026-03-21T08:00,98,3.1,1,0.0,15.6,100,0.0,3,2026-03-21
2026-03-21T09:00,87,1.8,1,3600.0,18.1,66,0.0,2,2026-03-21
2026-03-21T10:00,78,4.0,1,3600.0,20.3,18,0.0,0,2026-03-21
2026-03-21T11:00,67,5.4,1,3600.0,22.5,13,0.0,0,2026-03-21
2026-03-21T12:00,59,5.5,1,3600.0,23.9,32,0.0,1,2026-03-21
2026-03-21T13:00,52,7.2,1,3600.0,24.8,72,0.0,2,2026-03-21
2026-03-21T14:00,46,8.9,1,3600.0,25.5,95,0.0,3,2026-03-21
2026-03-21T15:00,47,9.6,1,3600.0,25.3,100,0.0,3,2026-03-21
2026-03-21T16:00,49,8.6,1,3600.0,24.9,100,0.0,3,2026-03-21
2026-03-21T17:00,52,7.1,1,1811.09,24.4,100,0.0,3,2026-03-21
2026-03-21T18:00,67,4.8,1,0.0,22.2,100,0.0,3,2026-03-21
2026-03-21T19:00,71,4.0,0,0.0,21.6,99,0.0,3,2026-03-21
2026-03-21T20:00,73,4.4,0,0.0,20.8,100,0.0,3,2026-03-21
2026-03-21T21:00,74,5.4,0,0.0,20.3,100,0.0,3,2026-03-21
2026-03-21T22:00,76,4.5,0,0.0,19.9,100,0.0,3,2026-03-21
2026-03-21T23:00,73,5.8,0,0.0,20.3,94,0.0,3,2026-03-21
2026-03-22T00:00,74,6.2,0,0.0,19.3,2,0.0,0,2026-03-22
2026-03-22T01:00,77,5.6,0,0.0,18.4,0,0.0,0,2026-03-22
2026-03-22T02:00,81,4.5,0,0.0,17.5,0,0.0,0,2026-03-22
2026-03-22T03:00,81,6.2,0,0.0,17.3,12,0.0,0,2026-03-22
2026-03-22T04:00,82,7.3,0,0.0,16.7,1,0.0,0,2026-03-22
2026-03-22T05:00,85,6.5,0,0.0,16.2,9,0.0,0,2026-03-22
2026-03-22T06:00,86,5.3,1,0.0,16.2,0,0.0,0,2026-03-22
2026-03-22T07:00,83,6.2,1,3600.0,17.3,3,0.0,0,2026-03-22
2026-03-22T08:00,78,5.0,1,3600.0,19.3,0,0.0,0,2026-03-22
2026-03-22T09:00,70,6.8,1,3600.0,21.2,33,0.0,1,2026-03-22
2026-03-22T10:00,60,7.5,1,3600.0,23.0,2,0.0,0,2026-03-22
2026-03-22T11:00,53,9.7,1,3600.0,25.0,1,0.0,0,2026-03-22
2026-03-22T12:00,49,11.3,1,3600.0,26.1,9,0.0,0,2026-03-22
2026-03-22T13:00,48,12.0,1,3600.0,26.6,1,0.0,0,2026-03-22
2026-03-22T14:00,46,10.7,1,3600.0,27.0,59,0.0,2,2026-03-22
2026-03-22T15:00,45,10.5,1,3600.0,27.1,34,0.0,1,2026-03-22
2026-03-22T16:00,45,10.5,1,3600.0,26.7,12,0.0,0,2026-03-22
2026-03-22T17:00,48,8.1,1,3600.0,26.2,5,0.0,0,2026-03-22
2026-03-22T18:00,63,5.3,1,3454.34,23.5,38,0.0,1,2026-03-22
2026-03-22T19:00,67,5.4,0,0.0,22.5,100,0.0,3,2026-03-22
2026-03-22T20:00,67,3.9,0,0.0,22.3,52,0.0,2,2026-03-22
2026-03-22T21:00,66,1.5,0,0.0,21.9,100,0.0,3,2026-03-22
2026-03-22T22:00,63,0.9,0,0.0,21.9,60,0.0,2,2026-03-22
2026-03-22T23:00,66,4.1,0,0.0,21.5,86,0.0,3,2026-03-22
2026-03-23T00:00,68,5.0,0,0.0,21.1,100,0.0,3,2026-03-23
2026-03-23T01:00,71,5.5,0,0.0,20.4,98,0.0,3,2026-03-23
2026-03-23T02:00,75,4.8,0,0.0,19.6,100,0.0,3,2026-03-23
2026-03-23T03:00,76,5.9,0,0.0,19.2,100,0.1,51,2026-03-23
2026-03-23T04:00,82,3.8,0,0.0,18.4,100,0.3,51,2026-03-23
2026-03-23T05:00,82,13.4,0,0.0,18.7,100,0.8,53,2026-03-23
2026-03-23T06:00,87,13.0,1,0.0,18.0,100,1.3,61,2026-03-23
2026-03-23T07:00,90,10.7,1,0.0,17.9,100,2.6,63,2026-03-23
2026-03-23T08:00,86,7.0,1,0.0,18.4,100,2.7,63,2026-03-23
2026-03-23T09:00,85,0.6,1,0.0,19.4,99,1.6,61,2026-03-23
2026-03-23T10:00,75,1.6,1,1420.18,21.6,63,0.0,2,2026-03-23
2026-03-23T11:00,65,6.6,1,3600.0,23.2,97,0.0,3,2026-03-23
2026-03-23T12:00,60,5.1,1,831.36,24.3,100,0.2,51,2026-03-23
2026-03-23T13:00,55,4.7,1,0.0,25.0,45,0.0,1,2026-03-23
2026-03-23T14:00,50,2.3,1,3600.0,26.4,5,0.0,0,2026-03-23
2026-03-23T15:00,48,2.3,1,3600.0,26.9,6,0.0,0,2026-03-23
2026-03-23T16:00,49,5.0,1,3600.0,26.7,11,0.0,0,2026-03-23
2026-03-23T17:00,49,5.6,1,3600.0,26.8,35,0.0,1,2026-03-23
2026-03-23T18:00,64,3.6,1,2614.46,24.7,20,0.0,1,2026-03-23
2026-03-23T19:00,65,1.2,0,0.0,24.0,5,0.0,0,2026-03-23
2026-03-23T20:00,73,4.2,0,0.0,22.2,2,0.0,0,2026-03-23
2026-03-23T21:00,76,4.8,0,0.0,21.3,1,0.0,0,2026-03-23
2026-03-23T22:00,77,5.8,0,0.0,20.7,0,0.0,0,2026-03-23
2026-03-23T23:00,81,5.1,0,0.0,20.6,23,0.0,1,2026-03-23
2026-03-24T00:00,84,3.6,0,0.0,20.3,0,0.0,0,2026-03-24
2026-03-24T01:00,85,2.9,0,0.0,20.0,0,0.0,0,2026-03-24
2026-03-24T02:00,87,0.9,0,0.0,19.4,2,0.0,0,2026-03-24
2026-03-24T03:00,88,1.1,0,0.0,19.0,0,0.0,0,2026-03-24
2026-03-24T04:00,90,3.9,0,0.0,18.5,0,0.0,0,2026-03-24
2026-03-24T05:00,89,5.1,0,0.0,18.1,0,0.0,0,2026-03-24
2026-03-24T06:00,89,4.1,1,0.0,18.3,0,0.0,0,2026-03-24
2026-03-24T07:00,86,6.6,1,3600.0,19.3,0,0.0,0,2026-03-24
2026-03-24T08:00,78,4.2,1,3600.0,21.6,0,0.0,0,2026-03-24
2026-03-24T09:00,67,5.6,1,3600.0,24.3,12,0.0,0,2026-03-24
2026-03-24T10:00,56,7.6,1,3600.0,26.3,9,0.0,0,2026-03-24
2026-03-24T11:00,45,9.4,1,3600.0,28.1,12,0.0,0,2026-03-24
2026-03-24T12:00,38,10.6,1,3600.0,29.0,68,0.0,2,2026-03-24
2026-03-24T13:00,35,11.6,1,3600.0,29.5,45,0.0,1,2026-03-24
2026-03-24T14:00,34,11.3,1,3600.0,29.7,4,0.0,0,2026-03-24
2026-03-24T15:00,34,12.1,1,3600.0,29.4,0,0.0,0,2026-03-24
2026-03-24T16:00,35,12.0,1,3600.0,28.8,0,0.0,0,2026-03-24
2026-03-24T17:00,37,10.8,1,3600.0,28.3,0,0.0,0,2026-03-24
2026-03-24T18:00,56,5.0,1,3600.0,25.2,0,0.0,0,2026-03-24
2026-03-24T19:00,60,4.3,0,0.0,24.2,0,0.0,0,2026-03-24
2026-03-24T20:00,62,4.8,0,0.0,23.5,0,0.0,0,2026-03-24
2026-03-24T21:00,62,6.2,0,0.0,22.6,2,0.0,0,2026-03-24
2026-03-24T22:00,62,6.1,0,0.0,21.2,17,0.0,0,2026-03-24
2026-03-24T23:00,68,6.0,0,0.0,20.7,27,0.0,1,2026-03-24
2026-03-25T00:00,67,5.6,0,0.0,20.4,0,0.0,0,2026-03-25
2026-03-25T01:00,67,5.2,0,0.0,20.0,1,0.0,0,2026-03-25
2026-03-25T02:00,68,3.7,0,0.0,19.6,98,0.0,3,2026-03-25
2026-03-25T03:00,73,5.4,0,0.0,18.5,78,0.0,2,2026-03-25
2026-03-25T04:00,76,4.9,0,0.0,17.7,53,0.0,2,2026-03-25
2026-03-25T05:00,79,5.4,0,0.0,17.8,0,0.0,0,2026-03-25
2026-03-25T06:00,78,5.5,1,0.0,18.0,0,0.0,0,2026-03-25
2026-03-25T07:00,74,6.7,1,3600.0,19.2,0,0.0,0,2026-03-25
2026-03-25T08:00,66,4.0,1,3600.0,21.8,0,0.0,0,2026-03-25
2026-03-25T09:00,55,4.2,1,3600.0,24.9,0,0.0,0,2026-03-25
2026-03-25T10:00,43,6.0,1,3600.0,27.2,0,0.0,0,2026-03-25
2026-03-25T11:00,35,7.3,1,3600.0,29.1,0,0.0,0,2026-03-25
2026-03-25T12:00,32,8.0,1,3600.0,30.2,9,0.0,0,2026-03-25
2026-03-25T13:00,29,9.5,1,3600.0,31.0,4,0.0,0,2026-03-25
2026-03-25T14:00,27,10.5,1,3600.0,31.5,10,0.0,0,2026-03-25
2026-03-25T15:00,27,12.0,1,3600.0,31.3,31,0.0,1,2026-03-25
2026-03-25T16:00,28,11.3,1,3600.0,30.9,97,0.0,3,2026-03-25
2026-03-25T17:00,28,10.1,1,3600.0,30.2,24,0.0,1,2026-03-25
2026-03-25T18:00,33,4.2,1,3458.34,28.2,99,0.0,3,2026-03-25
2026-03-25T19:00,37,3.0,0,0.0,27.3,99,0.0,3,2026-03-25
2026-03-25T20:00,40,2.6,0,0.0,26.7,98,0.0,3,2026-03-25
2026-03-25T21:00,42,1.2,0,0.0,26.3,72,0.0,2,2026-03-25
2026-03-25T22:00,43,2.7,0,0.0,25.1,94,0.0,3,2026-03-25
2026-03-25T23:00,52,0.9,0,0.0,25.3,26,0.0,1,2026-03-25
2026-03-26T00:00,50,6.5,0,0.0,24.6,80,0.0,3,2026-03-26
2026-03-26T01:00,57,5.1,0,0.0,22.9,99,0.0,3,2026-03-26
2026-03-26T02:00,63,3.4,0,0.0,22.8,22,0.0,1,2026-03-26
2026-03-26T03:00,66,2.4,0,0.0,21.8,3,0.0,0,2026-03-26
2026-03-26T04:00,65,3.1,0,0.0,21.6,36,0.0,1,2026-03-26
2026-03-26T05:00,70,4.4,0,0.0,21.0,27,0.0,1,2026-03-26
2026-03-26T06:00,70,2.4,1,0.0,21.2,18,0.0,0,2026-03-26
2026-03-26T07:00,64,4.0,1,3600.0,22.4,25,0.0,1,2026-03-26
2026-03-26T08:00,53,2.6,1,3600.0,24.9,27,0.0,1,2026-03-26
2026-03-26T09:00,46,3.7,1,3600.0,27.4,37,0.0,1,2026-03-26
2026-03-26T10:00,39,4.2,1,3600.0,29.7,38,0.0,1,2026-03-26
2026-03-26T11:00,26,7.0,1,3600.0,33.0,59,0.0,2,2026-03-26
2026-03-26T12:00,21,8.6,1,3600.0,34.5,99,0.0,3,2026-03-26
2026-03-26T13:00,19,8.4,1,3600.0,34.8,100,0.0,3,2026-03-26
2026-03-26T14:00,21,11.9,1,3600.0,34.3,100,0.0,3,2026-03-26
2026-03-26T15:00,23,14.7,1,3600.0,33.1,98,0.0,3,2026-03-26
2026-03-26T16:00,26,12.8,1,3600.0,32.3,100,0.0,3,2026-03-26
2026-03-26T17:00,24,8.8,1,210.29,31.9,100,0.0,3,2026-03-26
2026-03-26T18:00,27,8.3,1,0.0,31.1,100,0.0,3,2026-03-26
2026-03-26T19:00,33,6.2,0,0.0,30.1,100,0.0,3,2026-03-26
2026-03-26T20:00,38,3.9,0,0.0,28.9,50,0.0,2,2026-03-26
2026-03-26T21:00,40,8.2,0,0.0,28.3,100,0.0,3,2026-03-26
2026-03-26T22:00,39,8.7,0,0.0,27.7,100,0.0,3,2026-03-26
2026-03-26T23:00,58,1.7,0,0.0,25.3,77,0.0,2,2026-03-26
2026-03-27T00:00,51,4.1,0,0.0,25.7,53,0.0,2,2026-03-27
2026-03-27T01:00,51,7.3,0,0.0,25.0,34,0.0,1,2026-03-27
2026-03-27T02:00,57,7.1,0,0.0,23.7,39,0.0,1,2026-03-27
2026-03-27T03:00,59,5.6,0,0.0,23.1,33,0.0,1,2026-03-27
2026-03-27T04:00,62,4.7,0,0.0,22.4,100,0.0,3,2026-03-27
2026-03-27T05:00,65,9.4,0,0.0,22.5,40,0.0,1,2026-03-27
2026-03-27T06:00,67,11.6,1,0.0,22.1,95,0.0,3,2026-03-27
2026-03-27T07:00,65,9.0,1,232.58,22.7,96,0.0,3,2026-03-27
2026-03-27T08:00,60,12.6,1,3424.43,23.6,97,0.0,3,2026-03-27
2026-03-27T09:00,50,11.0,1,3600.0,25.6,55,0.0,2,2026-03-27
2026-03-27T10:00,44,10.8,1,3600.0,27.0,82,0.1,51,2026-03-27
2026-03-27T11:00,57,12.4,1,3600.0,24.9,93,0.5,53,2026-03-27
2026-03-27T12:00,47,7.4,1,3600.0,26.9,88,0.0,3,2026-03-27
2026-03-27T13:00,37,4.6,1,3600.0,28.9,48,0.0,1,2026-03-27
2026-03-27T14:00,33,9.5,1,3600.0,29.3,61,0.0,2,2026-03-27
2026-03-27T15:00,35,8.1,1,3600.0,29.3,32,0.0,1,2026-03-27
2026-03-27T16:00,36,6.7,1,3600.0,29.2,31,0.0,1,2026-03-27
2026-03-27T17:00,34,11.0,1,3600.0,28.6,9,0.0,0,2026-03-27
2026-03-27T18:00,35,8.3,1,3280.01,28.0,2,0.0,0,2026-03-27
2026-03-27T19:00,39,5.1,0,0.0,27.2,1,0.0,0,2026-03-27
2026-03-27T20:00,42,5.6,0,0.0,26.5,2,0.0,0,2026-03-27
2026-03-27T21:00,45,3.8,0,0.0,25.6,4,0.0,0,2026-03-27
2026-03-27T22:00,46,3.8,0,0.0,25.2,1,0.0,0,2026-03-27
2026-03-27T23:00,59,3.7,0,0.0,24.4,3,0.0,0,2026-03-27
2026-03-28T00:00,57,4.1,0,0.0,23.8,0,0.0,0,2026-03-28
2026-03-28T01:00,58,4.4,0,0.0,23.1,0,0.0,0,2026-03-28
2026-03-28T02:00,61,4.9,0,0.0,22.4,0,0.0,0,2026-03-28
2026-03-28T03:00,64,5.6,0,0.0,21.6,5,0.0,0,2026-03-28
2026-03-28T04:00,67,5.8,0,0.0,20.8,0,0.0,0,2026-03-28
2026-03-28T05:00,71,6.1,0,0.0,20.9,95,0.0,3,2026-03-28
2026-03-28T06:00,70,4.3,1,0.0,21.0,8,0.0,0,2026-03-28
2026-03-28T07:00,65,3.5,1,3600.0,22.1,5,0.0,0,2026-03-28
2026-03-28T08:00,54,3.4,1,3600.0,24.7,47,0.0,1,2026-03-28
2026-03-28T09:00,44,4.0,1,3600.0,27.1,37,0.0,1,2026-03-28
2026-03-28T10:00,38,2.3,1,3600.0,28.8,55,0.0,2,2026-03-28
2026-03-28T11:00,34,4.4,1,3600.0,30.3,98,0.0,3,2026-03-28
2026-03-28T12:00,30,5.6,1,3600.0,31.8,98,0.0,3,2026-03-28
2026-03-28T13:00,28,7.9,1,3600.0,32.7,90,0.0,3,2026-03-28
2026-03-28T14:00,26,9.4,1,3600.0,33.0,87,0.0,3,2026-03-28
2026-03-28T15:00,25,11.0,1,3600.0,32.9,100,0.0,3,2026-03-28
2026-03-28T16:00,26,9.2,1,3600.0,32.3,99,0.0,3,2026-03-28
2026-03-28T17:00,23,7.5,1,3600.0,31.8,94,0.0,3,2026-03-28
2026-03-28T18:00,26,6.0,1,2958.37,30.9,26,0.0,1,2026-03-28
2026-03-28T19:00,31,3.1,0,0.0,29.6,98,0.0,3,2026-03-28
2026-03-28T20:00,33,3.2,0,0.0,29.0,100,0.0,3,2026-03-28
2026-03-28T21:00,35,4.9,0,0.0,28.1,2,0.0,0,2026-03-28
2026-03-28T22:00,40,4.3,0,0.0,26.8,35,0.0,1,2026-03-28
2026-03-28T23:00,47,6.2,0,0.0,26.0,82,0.0,3,2026-03-28
2026-03-29T00:00,50,7.1,0,0.0,25.2,89,0.0,3,2026-03-29
2026-03-29T01:00,55,7.3,0,0.0,24.2,2,0.0,0,2026-03-29
2026-03-29T02:00,59,7.3,0,0.0,23.5,97,0.0,3,2026-03-29
2026-03-29T03:00,60,7.2,0,0.0,23.1,86,0.0,3,2026-03-29
2026-03-29T04:00,61,6.7,0,0.0,22.8,98,0.0,3,2026-03-29
2026-03-29T05:00,62,8.3,0,0.0,23.0,88,0.0,3,2026-03-29
2026-03-29T06:00,61,8.8,1,0.0,23.2,69,0.0,2,2026-03-29
2026-03-29T07:00,57,9.4,1,3600.0,24.1,100,0.0,3,2026-03-29
2026-03-29T08:00,50,9.2,1,3600.0,26.1,91,0.0,3,2026-03-29
2026-03-29T09:00,42,10.5,1,3600.0,28.5,74,0.0,2,2026-03-29
2026-03-29T10:00,35,13.3,1,3600.0,31.1,51,0.0,2,2026-03-29
2026-03-29T11:00,33,12.4,1,3600.0,32.8,98,0.0,3,2026-03-29
2026-03-29T12:00,33,8.4,1,3600.0,33.0,5,0.0,0,2026-03-29
2026-03-29T13:00,31,6.0,1,3600.0,34.4,46,0.0,1,2026-03-29
2026-03-29T14:00,29,5.1,1,3600.0,34.9,100,0.0,3,2026-03-29
2026-03-29T15:00,29,4.6,1,3600.0,35.0,100,0.0,3,2026-03-29
2026-03-29T16:00,31,3.2,1,3009.35,32.8,75,0.0,2,2026-03-29
2026-03-29T17:00,52,3.7,1,3600.0,29.3,35,0.0,1,2026-03-29
2026-03-29T18:00,51,3.6,1,2413.6,30.3,27,0.0,1,2026-03-29
2026-03-29T19:00,44,11.3,0,0.0,29.8,0,0.0,0,2026-03-29
2026-03-29T20:00,50,12.0,0,0.0,28.1,4,0.0,0,2026-03-29
2026-03-29T21:00,51,8.5,0,0.0,27.3,16,0.0,0,2026-03-29
2026-03-29T22:00,52,6.1,0,0.0,26.6,89,0.0,3,2026-03-29
2026-03-29T23:00,55,5.3,0,0.0,26.2,43,0.0,1,2026-03-29
2026-03-30T00:00,56,6.3,0,0.0,25.7,81,0.0,3,2026-03-30
2026-03-30T01:00,58,8.0,0,0.0,24.8,100,0.0,3,2026-03-30
2026-03-30T02:00,63,5.9,0,0.0,23.8,99,0.0,3,2026-03-30
2026-03-30T03:00,64,5.6,0,0.0,23.4,99,0.0,3,2026-03-30
2026-03-30T04:00,69,4.5,0,0.0,22.5,100,0.0,3,2026-03-30
2026-03-30T05:00,78,4.8,0,0.0,21.7,73,0.0,2,2026-03-30
2026-03-30T06:00,76,3.7,1,0.0,22.0,100,0.0,3,2026-03-30
2026-03-30T07:00,69,4.5,1,1933.9,23.6,96,0.0,3,2026-03-30
2026-03-30T08:00,51,6.1,1,3600.0,26.3,71,0.0,2,2026-03-30
2026-03-30T09:00,34,7.0,1,3600.0,29.4,45,0.0,1,2026-03-30
2026-03-30T10:00,30,8.7,1,3600.0,31.6,100,0.0,3,2026-03-30
2026-03-30T11:00,26,9.0,1,3600.0,33.3,76,0.0,2,2026-03-30
2026-03-30T12:00,21,8.7,1,3600.0,34.7,95,0.0,3,2026-03-30
2026-03-30T13:00,30,21.8,1,3600.0,31.3,100,0.2,51,2026-03-30
2026-03-30T14:00,28,16.7,1,1298.08,31.6,100,0.0,3,2026-03-30
2026-03-30T15:00,38,16.4,1,2017.21,29.5,100,0.0,3,2026-03-30
2026-03-30T16:00,35,10.8,1,3600.0,30.0,100,0.0,3,2026-03-30
2026-03-30T17:00,46,11.2,1,1101.94,27.6,100,0.0,3,2026-03-30
2026-03-30T18:00,45,7.1,1,0.0,27.5,100,0.0,3,2026-03-30
2026-03-30T19:00,51,1.5,0,0.0,27.0,100,0.0,3,2026-03-30
2026-03-30T20:00,50,5.2,0,0.0,26.3,100,0.0,3,2026-03-30
2026-03-30T21:00,58,8.8,0,0.0,25.0,100,0.0,3,2026-03-30
2026-03-30T22:00,62,5.5,0,0.0,24.2,100,0.0,3,2026-03-30
2026-03-30T23:00,66,7.8,0,0.0,24.3,100,0.0,3,2026-03-30
2026-03-31T00:00,68,3.6,0,0.0,23.7,100,0.0,3,2026-03-31
2026-03-31T01:00,69,4.5,0,0.0,23.4,76,0.0,2,2026-03-31
2026-03-31T02:00,74,4.1,0,0.0,22.5,22,0.0,1,2026-03-31
2026-03-31T03:00,75,4.0,0,0.0,22.0,100,0.0,3,2026-03-31
2026-03-31T04:00,76,4.4,0,0.0,21.8,87,0.0,3,2026-03-31
2026-03-31T05:00,76,5.0,0,0.0,21.3,91,0.0,3,2026-03-31
2026-03-31T06:00,76,2.1,1,0.0,21.5,81,0.0,3,2026-03-31
2026-03-31T07:00,68,1.3,1,2744.27,23.2,1,0.0,0,2026-03-31
2026-03-31T08:00,52,3.0,1,3600.0,26.3,21,0.0,1,2026-03-31
2026-03-31T09:00,34,4.6,1,3600.0,29.7,100,0.0,3,2026-03-31
2026-03-31T10:00,27,4.6,1,3600.0,31.7,56,0.0,2,2026-03-31
2026-03-31T11:00,23,1.3,1,3600.0,33.4,100,0.0,3,2026-03-31
2026-03-31T12:00,20,5.0,1,3600.0,35.0,80,0.0,3,2026-03-31
2026-03-31T13:00,25,4.3,1,3600.0,32.2,91,0.0,3,2026-03-31
2026-03-31T14:00,23,7.8,1,3600.0,32.8,77,0.0,2,2026-03-31
2026-03-31T15:00,28,5.9,1,3600.0,30.8,76,0.2,51,2026-03-31
2026-03-31T16:00,35,7.7,1,3353.01,29.3,86,0.0,3,2026-03-31
2026-03-31T17:00,57,6.5,1,2358.51,24.8,100,0.0,3,2026-03-31
2026-03-31T18:00,59,5.6,1,0.0,24.7,72,0.1,51,2026-03-31
2026-03-31T19:00,59,6.4,0,0.0,24.6,76,0.0,2,2026-03-31
2026-03-31T20:00,68,2.4,0,0.0,23.8,73,0.0,2,2026-03-31
2026-03-31T21:00,67,3.8,0,0.0,23.4,45,0.0,1,2026-03-31
2026-03-31T22:00,65,6.2,0,0.0,23.4,64,0.0,2,2026-03-31
2026-03-31T23:00,66,13.0,0,0.0,23.7,98,0.0,3,2026-03-31
2026-04-01T00:00,67,8.2,0,0.0,22.6,7,0.0,0,2026-04-01
2026-04-01T01:00,66,7.0,0,0.0,22.1,2,0.0,0,2026-04-01
2026-04-01T02:00,73,3.3,0,0.0,21.0,2,0.0,0,2026-04-01
2026-04-01T03:00,75,3.6,0,0.0,20.4,2,0.0,0,2026-04-01
2026-04-01T04:00,77,3.1,0,0.0,19.9,97,0.0,3,2026-04-01
2026-04-01T05:00,82,2.7,0,0.0,19.6,38,0.0,1,2026-04-01
2026-04-01T06:00,79,2.6,1,0.0,19.8,99,0.0,3,2026-04-01
2026-04-01T07:00,70,2.8,1,3600.0,21.3,89,0.0,3,2026-04-01
2026-04-01T08:00,60,1.5,1,3600.0,23.8,16,0.0,0,2026-04-01
2026-04-01T09:00,48,0.9,1,3600.0,26.9,27,0.0,1,2026-04-01
2026-04-01T10:00,37,1.3,1,3600.0,29.4,36,0.0,1,2026-04-01
2026-04-01T11:00,33,6.7,1,3600.0,31.4,87,0.0,3,2026-04-01
2026-04-01T12:00,29,5.4,1,3600.0,32.6,98,0.0,3,2026-04-01
2026-04-01T13:00,26,5.5,1,3600.0,33.1,99,0.0,3,2026-04-01
2026-04-01T14:00,28,2.0,1,3600.0,31.5,97,0.0,3,2026-04-01
2026-04-01T15:00,26,4.8,1,3600.0,32.2,100,0.0,3,2026-04-01
2026-04-01T16:00,28,3.8,1,3600.0,31.7,92,0.0,3,2026-04-01
2026-04-01T17:00,29,6.0,1,394.26,31.8,96,0.0,3,2026-04-01
2026-04-01T18:00,36,7.7,1,0.0,30.0,85,0.0,3,2026-04-01
2026-04-01T19:00,42,6.3,0,0.0,28.4,83,0.0,3,2026-04-01
2026-04-01T20:00,51,4.7,0,0.0,26.9,100,0.0,3,2026-04-01
2026-04-01T21:00,51,4.8,0,0.0,26.4,52,0.0,2,2026-04-01
2026-04-01T22:00,51,5.2,0,0.0,25.7,55,0.0,2,2026-04-01
2026-04-01T23:00,61,4.9,0,0.0,25.7,98,0.0,3,2026-04-01
2026-04-02T00:00,63,4.4,0,0.0,25.2,52,0.0,2,2026-04-02
2026-04-02T01:00,67,4.6,0,0.0,23.9,98,0.0,3,2026-04-02
2026-04-02T02:00,65,4.9,0,0.0,23.5,88,0.0,3,2026-04-02
2026-04-02T03:00,68,4.6,0,0.0,22.8,45,0.0,1,2026-04-02
2026-04-02T04:00,68,3.5,0,0.0,22.3,57,0.0,2,2026-04-02
2026-04-02T05:00,72,4.5,0,0.0,21.7,46,0.0,1,2026-04-02
2026-04-02T06:00,71,4.1,1,0.0,21.9,78,0.0,2,2026-04-02
2026-04-02T07:00,62,2.7,1,2345.2,23.6,100,0.0,3,2026-04-02
2026-04-02T08:00,56,1.1,1,2938.7,25.9,77,0.0,2,2026-04-02
2026-04-02T09:00,45,2.5,1,3600.0,29.1,9,0.0,0,2026-04-02
2026-04-02T10:00,35,2.7,1,3600.0,32.2,62,0.0,2,2026-04-02
2026-04-02T11:00,34,6.2,1,3600.0,32.1,100,0.0,3,2026-04-02
2026-04-02T12:00,27,3.7,1,3600.0,33.7,98,0.0,3,2026-04-02
2026-04-02T13:00,25,5.0,1,3600.0,34.3,95,0.0,3,2026-04-02
2026-04-02T14:00,30,3.4,1,3600.0,32.3,71,0.0,2,2026-04-02
2026-04-02T15:00,27,2.8,1,3600.0,33.4,73,0.0,2,2026-04-02
2026-04-02T16:00,27,4.5,1,3600.0,33.4,63,0.0,2,2026-04-02
2026-04-02T17:00,28,13.6,1,3600.0,33.8,100,0.0,3,2026-04-02
2026-04-02T18:00,31,4.9,1,0.0,32.5,16,0.0,0,2026-04-02
2026-04-02T19:00,34,9.1,0,0.0,31.1,10,0.0,0,2026-04-02
2026-04-02T20:00,42,4.7,0,0.0,29.6,0,0.0,0,2026-04-02
2026-04-02T21:00,42,5.5,0,0.0,28.9,1,0.0,0,2026-04-02
2026-04-02T22:00,57,3.5,0,0.0,27.1,0,0.0,0,2026-04-02
2026-04-02T23:00,55,5.0,0,0.0,26.7,0,0.0,0,2026-04-02
2026-04-03T00:00,57,5.7,0,0.0,26.0,0,0.0,0,2026-04-03
2026-04-03T01:00,62,4.1,0,0.0,25.0,98,0.0,3,2026-04-03
2026-04-03T02:00,61,3.2,0,0.0,24.7,100,0.0,3,2026-04-03
2026-04-03T03:00,60,1.9,0,0.0,24.8,100,0.0,3,2026-04-03
2026-04-03T04:00,60,4.0,0,0.0,24.0,100,0.0,3,2026-04-03
2026-04-03T05:00,67,13.9,0,0.0,23.2,100,0.0,3,2026-04-03
2026-04-03T06:00,62,14.6,1,0.0,22.6,100,0.0,3,2026-04-03
2026-04-03T07:00,64,13.3,1,0.0,22.3,100,0.0,3,2026-04-03
2026-04-03T08:00,62,11.6,1,0.0,23.5,96,0.0,3,2026-04-03
2026-04-03T09:00,55,11.5,1,3600.0,25.7,63,0.0,2,2026-04-03
2026-04-03T10:00,45,14.7,1,3600.0,27.8,97,0.0,3,2026-04-03
2026-04-03T11:00,41,11.9,1,3600.0,29.3,74,0.0,2,2026-04-03
2026-04-03T12:00,39,10.0,1,3600.0,30.1,94,0.0,3,2026-04-03
2026-04-03T13:00,37,6.9,1,3600.0,31.3,95,0.0,3,2026-04-03
2026-04-03T14:00,33,6.3,1,3600.0,32.1,100,0.0,3,2026-04-03
2026-04-03T15:00,49,9.3,1,1350.46,27.5,100,0.0,3,2026-04-03
2026-04-03T16:00,47,5.3,1,1097.76,27.7,100,0.0,3,2026-04-03
2026-04-03T17:00,41,15.3,1,3600.0,28.3,99,0.0,3,2026-04-03
2026-04-03T18:00,53,10.0,1,586.38,25.8,100,0.0,3,2026-04-03
2026-04-03T19:00,55,10.0,0,0.0,25.3,100,0.0,3,2026-04-03
2026-04-03T20:00,58,15.5,0,0.0,23.6,100,0.0,3,2026-04-03
2026-04-03T21:00,60,4.2,0,0.0,23.3,92,0.4,51,2026-04-03
2026-04-03T22:00,63,5.5,0,0.0,22.6,98,0.0,3,2026-04-03
2026-04-03T23:00,72,6.0,0,0.0,22.8,100,0.0,3,2026-04-03
2026-04-04T00:00,76,6.0,0,0.0,22.6,100,0.0,3,2026-04-04
2026-04-04T01:00,75,6.5,0,0.0,22.4,100,0.0,3,2026-04-04
2026-04-04T02:00,73,6.3,0,0.0,22.1,100,0.0,3,2026-04-04
2026-04-04T03:00,79,3.5,0,0.0,21.3,100,0.0,3,2026-04-04
2026-04-04T04:00,81,2.2,0,0.0,21.2,100,0.0,3,2026-04-04
2026-04-04T05:00,83,5.4,0,0.0,21.4,100,0.0,3,2026-04-04
2026-04-04T06:00,83,6.2,1,0.0,21.3,100,0.0,3,2026-04-04
2026-04-04T07:00,79,5.6,1,504.73,22.1,100,0.0,3,2026-04-04
2026-04-04T08:00,69,3.7,1,821.02,23.8,100,0.0,3,2026-04-04
2026-04-04T09:00,56,5.2,1,166.79,25.9,100,0.0,3,2026-04-04
2026-04-04T10:00,41,6.2,1,474.52,27.4,87,0.0,3,2026-04-04
2026-04-04T11:00,35,9.1,1,3600.0,29.7,100,0.0,3,2026-04-04
2026-04-04T12:00,35,6.0,1,3600.0,30.3,90,0.0,3,2026-04-04
2026-04-04T13:00,37,2.9,1,3600.0,29.9,95,1.0,55,2026-04-04
2026-04-04T14:00,62,7.1,1,1788.78,24.2,79,1.3,61,2026-04-04
2026-04-04T15:00,51,2.4,1,3600.0,26.1,71,0.0,2,2026-04-04
2026-04-04T16:00,47,4.3,1,3600.0,27.1,97,0.0,3,2026-04-04
2026-04-04T17:00,54,3.7,1,2933.0,26.0,99,0.0,3,2026-04-04
2026-04-04T18:00,65,2.3,1,0.0,25.5,100,0.0,3,2026-04-04
2026-04-04T19:00,66,3.9,0,0.0,24.9,100,0.0,3,2026-04-04
2026-04-04T20:00,69,3.4,0,0.0,24.2,100,0.0,3,2026-04-04
2026-04-04T21:00,73,3.0,0,0.0,23.3,100,0.0,3,2026-04-04
2026-04-04T22:00,73,4.5,0,0.0,22.8,100,0.0,3,2026-04-04
2026-04-04T23:00,77,3.9,0,0.0,22.3,38,0.0,1,2026-04-04
2026-04-05T00:00,66,9.3,0,0.0,22.9,97,0.0,3,2026-04-05
2026-04-05T01:00,70,4.1,0,0.0,21.8,91,0.0,3,2026-04-05
2026-04-05T02:00,68,3.8,0,0.0,21.4,28,0.0,1,2026-04-05
2026-04-05T03:00,69,4.8,0,0.0,20.7,22,0.0,1,2026-04-05
2026-04-05T04:00,74,4.5,0,0.0,19.8,13,0.0,0,2026-04-05
2026-04-05T05:00,82,3.2,0,0.0,19.9,9,0.0,0,2026-04-05
2026-04-05T06:00,77,5.5,1,0.0,20.2,37,0.0,1,2026-04-05
2026-04-05T07:00,71,10.4,1,2222.62,20.7,68,0.5,53,2026-04-05
2026-04-05T08:00,70,0.8,1,2500.72,21.7,21,0.2,51,2026-04-05
2026-04-05T09:00,58,5.7,1,3600.0,24.8,14,0.0,0,2026-04-05
2026-04-05T10:00,54,4.6,1,3600.0,26.0,9,0.0,0,2026-04-05
2026-04-05T11:00,34,5.8,1,3600.0,28.9,45,0.0,1,2026-04-05
2026-04-05T12:00,32,6.7,1,3600.0,28.8,55,0.0,2,2026-04-05
2026-04-05T13:00,35,13.6,1,3600.0,28.0,23,0.2,51,2026-04-05
2026-04-05T14:00,31,8.0,1,3600.0,28.8,8,0.0,0,2026-04-05
2026-04-05T15:00,29,5.8,1,3600.0,29.3,25,0.0,1,2026-04-05
2026-04-05T16:00,29,8.1,1,3600.0,28.7,25,0.0,1,2026-04-05
2026-04-05T17:00,45,1.0,1,3600.0,27.2,37,0.0,1,2026-04-05
2026-04-05T18:00,60,0.8,1,2206.44,26.4,16,0.0,0,2026-04-05
2026-04-05T19:00,62,3.5,0,0.0,24.8,21,0.0,1,2026-04-05
2026-04-05T20:00,70,1.8,0,0.0,23.7,2,0.0,0,2026-04-05
2026-04-05T21:00,73,1.3,0,0.0,22.9,1,0.0,0,2026-04-05
2026-04-05T22:00,74,2.5,0,0.0,22.2,0,0.0,0,2026-04-05
2026-04-05T23:00,37,10.9,0,0.0,24.8,10,0.0,0,2026-04-05
2026-04-06T00:00,42,7.4,0,0.0,23.5,5,0.0,0,2026-04-06
2026-04-06T01:00,46,7.0,0,0.0,22.7,8,0.0,0,2026-04-06
2026-04-06T02:00,55,4.1,0,0.0,21.7,8,0.0,0,2026-04-06
2026-04-06T03:00,57,3.5,0,0.0,21.1,2,0.0,0,2026-04-06
2026-04-06T04:00,59,2.5,0,0.0,20.8,1,0.0,0,2026-04-06
2026-04-06T05:00,60,0.7,0,0.0,21.5,23,0.0,1,2026-04-06
2026-04-06T06:00,62,0.8,1,0.0,21.4,0,0.0,0,2026-04-06
2026-04-06T07:00,56,4.5,1,3600.0,22.7,0,0.0,0,2026-04-06
2026-04-06T08:00,48,2.5,1,3600.0,24.7,0,0.0,0,2026-04-06
2026-04-06T09:00,41,2.6,1,3600.0,27.1,0,0.0,0,2026-04-06
2026-04-06T10:00,28,5.1,1,3600.0,29.4,19,0.0,0,2026-04-06
2026-04-06T11:00,21,8.1,1,3600.0,30.2,6,0.0,0,2026-04-06
2026-04-06T12:00,20,8.3,1,3600.0,31.2,2,0.0,0,2026-04-06
2026-04-06T13:00,19,9.6,1,3600.0,31.7,37,0.0,1,2026-04-06
2026-04-06T14:00,19,8.9,1,3600.0,31.5,31,0.0,1,2026-04-06
2026-04-06T15:00,20,7.6,1,3600.0,31.3,13,0.0,0,2026-04-06
2026-04-06T16:00,21,9.9,1,3600.0,31.1,25,0.0,1,2026-04-06
2026-04-06T17:00,29,17.7,1,3600.0,28.7,40,0.0,1,2026-04-06
2026-04-06T18:00,34,9.4,1,2359.29,26.7,36,0.0,1,2026-04-06
2026-04-06T19:00,35,7.1,0,0.0,26.5,9,0.0,0,2026-04-06
2026-04-06T20:00,37,8.5,0,0.0,25.6,2,0.0,0,2026-04-06
2026-04-06T21:00,41,4.8,0,0.0,24.3,2,0.0,0,2026-04-06
2026-04-06T22:00,41,5.7,0,0.0,23.8,4,0.0,0,2026-04-06
2026-04-06T23:00,43,9.6,0,0.0,23.7,22,0.0,1,2026-04-06
2026-04-07T00:00,46,10.1,0,0.0,23.6,100,0.0,3,2026-04-07
2026-04-07T01:00,46,6.0,0,0.0,23.8,90,0.0,3,2026-04-07
2026-04-07T02:00,47,8.0,0,0.0,23.0,0,0.0,0,2026-04-07
2026-04-07T03:00,49,6.9,0,0.0,22.0,23,0.0,1,2026-04-07
2026-04-07T04:00,57,4.9,0,0.0,21.2,19,0.0,0,2026-04-07
2026-04-07T05:00,59,3.8,0,0.0,20.5,66,0.0,2,2026-04-07
2026-04-07T06:00,57,9.6,1,0.0,20.8,70,0.0,2,2026-04-07
2026-04-07T07:00,56,9.7,1,3600.0,21.4,87,0.0,3,2026-04-07
2026-04-07T08:00,47,7.8,1,3600.0,24.0,100,0.0,3,2026-04-07
2026-04-07T09:00,38,10.8,1,3600.0,27.1,100,0.0,3,2026-04-07
2026-04-07T10:00,32,13.8,1,3600.0,28.8,100,0.0,3,2026-04-07
2026-04-07T11:00,33,15.5,1,3340.31,28.4,100,0.0,3,2026-04-07
2026-04-07T12:00,35,14.7,1,3600.0,28.4,100,0.2,51,2026-04-07
2026-04-07T13:00,41,12.8,1,100.33,25.9,100,0.4,51,2026-04-07
2026-04-07T14:00,43,0.8,1,0.0,25.6,100,0.2,51,2026-04-07
2026-04-07T15:00,56,5.1,1,0.0,23.0,100,1.3,61,2026-04-07
2026-04-07T16:00,69,0.8,1,0.0,21.7,100,0.8,53,2026-04-07
2026-04-07T17:00,66,9.6,1,0.0,22.2,2,0.4,51,2026-04-07
2026-04-07T18:00,72,9.3,1,3533.85,21.1,6,0.0,0,2026-04-07
2026-04-07T19:00,73,10.2,0,0.0,20.2,66,0.0,2,2026-04-07
2026-04-07T20:00,71,11.2,0,0.0,19.7,100,0.2,51,2026-04-07
2026-04-07T21:00,85,7.5,0,0.0,18.2,100,2.1,61,2026-04-07
2026-04-07T22:00,88,7.7,0,0.0,18.1,100,1.9,61,2026-04-07
2026-04-07T23:00,90,9.9,0,0.0,18.0,8,0.9,53,2026-04-07
2026-04-08T00:00,90,6.4,0,0.0,17.7,100,0.0,3,2026-04-08
2026-04-08T01:00,90,7.5,0,0.0,17.8,100,0.1,51,2026-04-08
2026-04-08T02:00,89,11.9,0,0.0,17.0,100,0.6,53,2026-04-08
2026-04-08T03:00,92,9.0,0,0.0,17.3,100,0.2,51,2026-04-08
2026-04-08T04:00,93,2.3,0,0.0,17.2,15,0.0,0,2026-04-08
2026-04-08T05:00,98,6.3,0,0.0,17.2,100,0.0,3,2026-04-08
2026-04-08T06:00,91,8.1,1,0.0,17.1,100,0.9,53,2026-04-08
2026-04-08T07:00,88,8.6,1,0.0,17.8,55,0.4,51,2026-04-08
2026-04-08T08:00,86,5.1,1,218.42,18.5,30,0.2,51,2026-04-08
2026-04-08T09:00,73,5.6,1,3600.0,20.6,38,0.0,1,2026-04-08
2026-04-08T10:00,64,4.8,1,3600.0,22.0,15,0.1,51,2026-04-08
2026-04-08T11:00,56,1.3,1,3600.0,23.2,23,0.2,51,2026-04-08
2026-04-08T12:00,55,1.3,1,3600.0,24.4,36,0.0,1,2026-04-08
2026-04-08T13:00,52,2.6,1,3600.0,25.1,30,0.0,1,2026-04-08
2026-04-08T14:00,48,4.6,1,3600.0,25.5,19,0.0,0,2026-04-08
2026-04-08T15:00,48,5.0,1,3600.0,25.3,23,0.0,1,2026-04-08
2026-04-08T16:00,48,5.4,1,3600.0,25.2,39,0.2,51,2026-04-08
2026-04-08T17:00,60,6.3,1,3600.0,22.3,46,1.2,55,2026-04-08
2026-04-08T18:00,66,6.7,1,1236.17,21.8,1,0.0,0,2026-04-08
2026-04-08T19:00,68,11.8,0,0.0,20.6,9,0.0,0,2026-04-08
2026-04-08T20:00,68,10.9,0,0.0,19.8,3,0.0,0,2026-04-08
2026-04-08T21:00,72,9.1,0,0.0,19.1,1,0.0,0,2026-04-08
2026-04-08T22:00,75,9.3,0,0.0,18.7,0,0.0,0,2026-04-08
2026-04-08T23:00,82,8.5,0,0.0,19.3,3,0.0,0,2026-04-08
2026-04-09T00:00,80,8.9,0,0.0,18.8,5,0.0,0,2026-04-09
2026-04-09T01:00,81,8.5,0,0.0,18.3,2,0.0,0,2026-04-09
2026-04-09T02:00,84,8.9,0,0.0,17.7,0,0.0,0,2026-04-09
2026-04-09T03:00,90,8.8,0,0.0,17.2,0,0.0,0,2026-04-09
2026-04-09T04:00,94,6.7,0,0.0,16.8,4,0.0,0,2026-04-09
2026-04-09T05:00,94,5.2,0,0.0,16.1,2,0.0,0,2026-04-09
2026-04-09T06:00,93,5.9,1,0.0,16.9,16,0.0,0,2026-04-09
2026-04-09T07:00,91,4.7,1,3082.29,17.9,35,0.0,1,2026-04-09
2026-04-09T08:00,84,4.5,1,3600.0,19.5,10,0.0,0,2026-04-09
2026-04-09T09:00,76,3.6,1,3600.0,21.7,0,0.0,0,2026-04-09
2026-04-09T10:00,67,2.5,1,3600.0,23.8,0,0.0,0,2026-04-09
2026-04-09T11:00,46,1.7,1,3600.0,26.2,23,0.0,1,2026-04-09
2026-04-09T12:00,35,6.4,1,3600.0,27.5,27,0.0,1,2026-04-09
2026-04-09T13:00,26,7.5,1,3600.0,28.2,3,0.0,0,2026-04-09
2026-04-09T14:00,25,8.9,1,3600.0,28.7,3,0.0,0,2026-04-09
2026-04-09T15:00,23,11.1,1,3600.0,28.7,2,0.0,0,2026-04-09
2026-04-09T16:00,23,12.4,1,3600.0,28.2,1,0.0,0,2026-04-09
2026-04-09T17:00,31,4.9,1,3600.0,28.1,35,0.0,1,2026-04-09
2026-04-09T18:00,51,3.1,1,2794.22,25.8,15,0.0,0,2026-04-09
2026-04-09T19:00,52,2.2,0,0.0,24.8,2,0.0,0,2026-04-09
2026-04-09T20:00,54,2.1,0,0.0,24.0,2,0.0,0,2026-04-09
2026-04-09T21:00,55,2.2,0,0.0,23.1,0,0.0,0,2026-04-09
2026-04-09T22:00,49,11.9,0,0.0,22.3,0,0.0,0,2026-04-09
2026-04-09T23:00,55,6.8,0,0.0,21.6,0,0.0,0,2026-04-09
2026-04-10T00:00,63,5.4,0,0.0,20.0,2,0.0,0,2026-04-10
2026-04-10T01:00,64,5.4,0,0.0,19.5,0,0.0,0,2026-04-10
2026-04-10T02:00,66,5.6,0,0.0,19.0,0,0.0,0,2026-04-10
2026-04-10T03:00,69,5.2,0,0.0,18.4,0,0.0,0,2026-04-10
2026-04-10T04:00,69,6.1,0,0.0,17.8,1,0.0,0,2026-04-10
2026-04-10T05:00,70,8.4,0,0.0,18.0,4,0.0,0,2026-04-10
2026-04-10T06:00,69,9.5,1,0.0,18.2,0,0.0,0,2026-04-10
2026-04-10T07:00,66,8.1,1,3600.0,19.2,0,0.0,0,2026-04-10
2026-04-10T08:00,59,9.4,1,3600.0,21.1,0,0.0,0,2026-04-10
2026-04-10T09:00,49,11.5,1,3600.0,23.5,0,0.0,0,2026-04-10
2026-04-10T10:00,40,14.7,1,3600.0,25.5,0,0.0,0,2026-04-10
2026-04-10T11:00,33,14.6,1,3600.0,27.9,0,0.0,0,2026-04-10
2026-04-10T12:00,28,16.5,1,3600.0,29.4,0,0.0,0,2026-04-10
2026-04-10T13:00,25,17.7,1,3600.0,30.4,0,0.0,0,2026-04-10
2026-04-10T14:00,22,18.6,1,3600.0,31.0,0,0.0,0,2026-04-10
2026-04-10T15:00,21,19.4,1,3600.0,31.2,0,0.0,0,2026-04-10
2026-04-10T16:00,20,19.9,1,3600.0,31.0,0,0.0,0,2026-04-10
2026-04-10T17:00,18,19.0,1,3600.0,31.2,0,0.0,0,2026-04-10
2026-04-10T18:00,20,15.3,1,3600.0,29.9,0,0.0,0,2026-04-10
2026-04-10T19:00,24,12.8,0,0.0,28.3,0,0.0,0,2026-04-10
2026-04-10T20:00,28,13.6,0,0.0,26.9,0,0.0,0,2026-04-10
2026-04-10T21:00,31,15.3,0,0.0,26.2,0,0.0,0,2026-04-10
2026-04-10T22:00,32,14.6,0,0.0,25.7,0,0.0,0,2026-04-10
2026-04-10T23:00,34,14.2,0,0.0,25.7,0,0.0,0,2026-04-10
2026-04-11T00:00,37,13.2,0,0.0,25.1,0,0.0,0,2026-04-11
2026-04-11T01:00,39,12.6,0,0.0,24.4,2,0.0,0,2026-04-11
2026-04-11T02:00,41,12.2,0,0.0,23.8,2,0.0,0,2026-04-11
2026-04-11T03:00,44,9.2,0,0.0,22.8,45,0.0,1,2026-04-11
2026-04-11T04:00,46,9.4,0,0.0,22.2,32,0.0,1,2026-04-11
2026-04-11T05:00,50,9.2,0,0.0,21.9,3,0.0,0,2026-04-11
2026-04-11T06:00,52,9.6,1,0.0,21.7,1,0.0,0,2026-04-11
2026-04-11T07:00,49,7.4,1,3600.0,22.9,8,0.0,0,2026-04-11
2026-04-11T08:00,43,8.7,1,3600.0,25.0,0,0.0,0,2026-04-11
2026-04-11T09:00,35,10.1,1,3600.0,27.5,0,0.0,0,2026-04-11
2026-04-11T10:00,30,11.3,1,3600.0,29.4,28,0.0,1,2026-04-11
2026-04-11T11:00,27,11.7,1,3600.0,31.1,22,0.0,1,2026-04-11
2026-04-11T12:00,23,11.9,1,3600.0,32.6,100,0.0,3,2026-04-11
2026-04-11T13:00,22,14.3,1,3600.0,32.6,32,0.0,1,2026-04-11
2026-04-11T14:00,21,13.9,1,3600.0,32.9,95,0.0,3,2026-04-11
2026-04-11T15:00,21,12.5,1,3600.0,32.7,27,0.0,1,2026-04-11
2026-04-11T16:00,21,14.2,1,3600.0,32.4,37,0.0,1,2026-04-11
2026-04-11T17:00,19,13.4,1,3600.0,32.2,33,0.0,1,2026-04-11
2026-04-11T18:00,23,9.1,1,2481.83,30.8,52,0.0,2,2026-04-11
2026-04-11T19:00,29,7.9,0,0.0,29.1,91,0.0,3,2026-04-11
2026-04-11T20:00,31,7.3,0,0.0,28.3,6,0.0,0,2026-04-11
2026-04-11T21:00,33,5.2,0,0.0,27.4,12,0.0,0,2026-04-11
2026-04-11T22:00,33,4.4,0,0.0,26.8,12,0.0,0,2026-04-11
2026-04-11T23:00,34,8.6,0,0.0,27.7,48,0.0,1,2026-04-11
2026-04-12T00:00,38,9.1,0,0.0,26.2,18,0.0,0,2026-04-12
2026-04-12T01:00,40,8.6,0,0.0,25.3,34,0.0,1,2026-04-12
2026-04-12T02:00,41,4.0,0,0.0,24.6,49,0.0,1,2026-04-12
2026-04-12T03:00,44,2.1,0,0.0,24.2,4,0.0,0,2026-04-12
2026-04-12T04:00,44,3.1,0,0.0,23.4,2,0.0,0,2026-04-12
2026-04-12T05:00,53,3.0,0,0.0,23.0,0,0.0,0,2026-04-12
2026-04-12T06:00,52,6.2,1,0.0,23.2,0,0.0,0,2026-04-12
2026-04-12T07:00,50,7.3,1,3600.0,24.2,0,0.0,0,2026-04-12
2026-04-12T08:00,42,6.9,1,3600.0,26.2,0,0.0,0,2026-04-12
2026-04-12T09:00,35,8.9,1,3600.0,28.6,0,0.0,0,2026-04-12
2026-04-12T10:00,27,11.5,1,3600.0,30.7,0,0.0,0,2026-04-12
2026-04-12T11:00,23,12.1,1,3600.0,32.2,0,0.0,0,2026-04-12
2026-04-12T12:00,21,12.0,1,3600.0,33.2,0,0.0,0,2026-04-12
2026-04-12T13:00,20,12.8,1,3600.0,33.9,0,0.0,0,2026-04-12
2026-04-12T14:00,18,14.1,1,3600.0,34.2,0,0.0,0,2026-04-12
2026-04-12T15:00,17,14.9,1,3600.0,34.0,0,0.0,0,2026-04-12
2026-04-12T16:00,16,15.8,1,3600.0,33.6,0,0.0,0,2026-04-12
2026-04-12T17:00,16,16.2,1,3600.0,33.6,0,0.0,0,2026-04-12
2026-04-12T18:00,16,12.6,1,3580.61,32.5,0,0.0,0,2026-04-12
2026-04-12T19:00,18,9.4,0,0.0,30.9,0,0.0,0,2026-04-12
2026-04-12T20:00,21,8.6,0,0.0,29.4,0,0.0,0,2026-04-12
2026-04-12T21:00,24,6.8,0,0.0,28.0,0,0.0,0,2026-04-12
2026-04-12T22:00,28,5.6,0,0.0,26.5,0,0.0,0,2026-04-12
2026-04-12T23:00,30,7.8,0,0.0,26.4,0,0.0,0,2026-04-12
2026-04-13T00:00,32,6.5,0,0.0,25.4,0,0.0,0,2026-04-13
2026-04-13T01:00,33,6.7,0,0.0,24.8,1,0.0,0,2026-04-13
2026-04-13T02:00,36,6.1,0,0.0,23.9,18,0.0,0,2026-04-13
2026-04-13T03:00,37,6.2,0,0.0,23.2,0,0.0,0,2026-04-13
2026-04-13T04:00,39,5.7,0,0.0,22.5,3,0.0,0,2026-04-13
2026-04-13T05:00,55,5.5,0,0.0,21.9,0,0.0,0,2026-04-13
2026-04-13T06:00,52,4.8,1,0.0,21.8,5,0.0,0,2026-04-13
2026-04-13T07:00,46,5.8,1,3600.0,23.5,0,0.0,0,2026-04-13
2026-04-13T08:00,40,6.8,1,3600.0,25.5,0,0.0,0,2026-04-13
2026-04-13T09:00,34,7.1,1,3600.0,27.7,0,0.0,0,2026-04-13
2026-04-13T10:00,26,9.2,1,3600.0,30.0,0,0.0,0,2026-04-13
2026-04-13T11:00,23,11.6,1,3600.0,31.9,0,0.0,0,2026-04-13
2026-04-13T12:00,19,13.2,1,3600.0,33.3,0,0.0,0,2026-04-13
2026-04-13T13:00,17,14.9,1,3600.0,34.0,16,0.0,0,2026-04-13
2026-04-13T14:00,16,14.8,1,3600.0,34.4,27,0.0,1,2026-04-13
2026-04-13T15:00,15,14.2,1,3600.0,34.5,0,0.0,0,2026-04-13
2026-04-13T16:00,15,14.7,1,3600.0,34.1,0,0.0,0,2026-04-13
2026-04-13T17:00,13,14.9,1,3600.0,34.6,0,0.0,0,2026-04-13
2026-04-13T18:00,15,10.9,1,3600.0,33.2,20,0.0,1,2026-04-13
2026-04-13T19:00,18,7.9,0,0.0,31.4,100,0.0,3,2026-04-13
2026-04-13T20:00,19,7.7,0,0.0,30.4,100,0.0,3,2026-04-13
2026-04-13T21:00,20,9.3,0,0.0,29.6,86,0.0,3,2026-04-13
2026-04-13T22:00,19,9.2,0,0.0,28.8,48,0.0,1,2026-04-13
2026-04-13T23:00,25,5.8,0,0.0,27.0,17,0.0,0,2026-04-13
2026-04-14T00:00,29,5.3,0,0.0,25.7,4,0.0,0,2026-04-14
2026-04-14T01:00,32,5.7,0,0.0,25.0,0,0.0,0,2026-04-14
2026-04-14T02:00,39,5.0,0,0.0,23.9,0,0.0,0,2026-04-14
2026-04-14T03:00,43,4.0,0,0.0,23.3,0,0.0,0,2026-04-14
2026-04-14T04:00,44,3.8,0,0.0,23.0,0,0.0,0,2026-04-14
2026-04-14T05:00,48,3.6,0,0.0,23.0,0,0.0,0,2026-04-14
2026-04-14T06:00,47,2.2,1,0.0,23.3,0,0.0,0,2026-04-14
2026-04-14T07:00,39,5.6,1,3600.0,25.7,2,0.0,0,2026-04-14
2026-04-14T08:00,32,4.2,1,3600.0,28.4,0,0.0,0,2026-04-14
2026-04-14T09:00,25,5.0,1,3600.0,31.2,0,0.0,0,2026-04-14
2026-04-14T10:00,18,5.2,1,3600.0,33.8,0,0.0,0,2026-04-14
2026-04-14T11:00,14,7.8,1,3600.0,35.3,0,0.0,0,2026-04-14
2026-04-14T12:00,13,9.2,1,3600.0,36.7,0,0.0,0,2026-04-14
2026-04-14T13:00,13,11.2,1,3600.0,37.3,0,0.0,0,2026-04-14
2026-04-14T14:00,13,12.1,1,3600.0,37.5,3,0.0,0,2026-04-14
2026-04-14T15:00,13,12.4,1,3600.0,37.4,23,0.0,1,2026-04-14
2026-04-14T16:00,14,12.6,1,3600.0,36.8,6,0.0,0,2026-04-14
2026-04-14T17:00,13,12.3,1,3600.0,36.6,6,0.0,0,2026-04-14
2026-04-14T18:00,15,8.6,1,3260.72,35.0,13,0.0,0,2026-04-14
2026-04-14T19:00,18,6.1,0,0.0,33.6,16,0.0,0,2026-04-14
2026-04-14T20:00,19,5.3,0,0.0,32.8,27,0.0,1,2026-04-14
2026-04-14T21:00,19,10.0,0,0.0,32.4,9,0.0,0,2026-04-14
2026-04-14T22:00,21,7.0,0,0.0,30.2,2,0.0,0,2026-04-14
2026-04-14T23:00,26,5.2,0,0.0,28.9,29,0.0,1,2026-04-14
2026-04-15T00:00,28,4.1,0,0.0,27.5,33,0.0,1,2026-04-15
2026-04-15T01:00,30,4.0,0,0.0,26.9,7,0.0,0,2026-04-15
2026-04-15T02:00,31,4.3,0,0.0,26.0,0,0.0,0,2026-04-15
2026-04-15T03:00,33,5.2,0,0.0,25.1,0,0.0,0,2026-04-15
2026-04-15T04:00,35,5.0,0,0.0,24.2,0,0.0,0,2026-04-15
2026-04-15T05:00,43,3.8,0,0.0,24.0,0,0.0,0,2026-04-15
2026-04-15T06:00,43,3.9,1,0.0,23.7,0,0.0,0,2026-04-15
2026-04-15T07:00,36,5.9,1,3600.0,26.0,0,0.0,0,2026-04-15
2026-04-15T08:00,30,4.3,1,3600.0,28.8,0,0.0,0,2026-04-15
2026-04-15T09:00,23,5.7,1,3600.0,32.0,0,0.0,0,2026-04-15
2026-04-15T10:00,17,7.5,1,3600.0,34.9,0,0.0,0,2026-04-15
2026-04-15T11:00,13,11.1,1,3600.0,36.6,0,0.0,0,2026-04-15
2026-04-15T12:00,11,11.9,1,3600.0,38.0,0,0.0,0,2026-04-15
2026-04-15T13:00,10,13.1,1,3600.0,38.6,20,0.0,1,2026-04-15
2026-04-15T14:00,10,14.1,1,3600.0,38.7,2,0.0,0,2026-04-15
2026-04-15T15:00,10,14.6,1,3600.0,38.4,10,0.0,0,2026-04-15
2026-04-15T16:00,10,14.3,1,3600.0,37.8,34,0.0,1,2026-04-15
2026-04-15T17:00,11,14.7,1,3600.0,37.5,0,0.0,0,2026-04-15
2026-04-15T18:00,12,12.6,1,3600.0,36.2,0,0.0,0,2026-04-15
2026-04-15T19:00,13,10.5,0,0.0,34.8,0,0.0,0,2026-04-15
2026-04-15T20:00,14,7.5,0,0.0,33.9,0,0.0,0,2026-04-15
2026-04-15T21:00,16,6.6,0,0.0,32.5,0,0.0,0,2026-04-15
2026-04-15T22:00,20,5.0,0,0.0,30.5,0,0.0,0,2026-04-15
2026-04-15T23:00,24,5.6,0,0.0,29.2,0,0.0,0,2026-04-15
2026-04-16T00:00,25,2.4,0,0.0,28.5,7,0.0,0,2026-04-16
2026-04-16T01:00,27,2.8,0,0.0,27.6,10,0.0,0,2026-04-16
2026-04-16T02:00,29,2.5,0,0.0,26.9,0,0.0,0,2026-04-16
2026-04-16T03:00,31,2.6,0,0.0,26.4,12,0.0,0,2026-04-16
2026-04-16T04:00,32,1.8,0,0.0,26.2,58,0.0,2,2026-04-16
2026-04-16T05:00,41,0.6,0,0.0,26.7,0,0.0,0,2026-04-16
2026-04-16T06:00,37,0.7,1,0.0,26.7,0,0.0,0,2026-04-16
2026-04-16T07:00,31,1.5,1,3600.0,28.7,0,0.0,0,2026-04-16
2026-04-16T08:00,26,0.6,1,3600.0,31.2,1,0.0,0,2026-04-16
2026-04-16T09:00,21,0.9,1,3600.0,33.9,36,0.0,1,2026-04-16
2026-04-16T10:00,17,3.0,1,3600.0,35.9,33,0.0,1,2026-04-16
2026-04-16T11:00,14,4.8,1,3600.0,37.4,67,0.0,2,2026-04-16
2026-04-16T12:00,10,8.4,1,3600.0,39.4,85,0.0,3,2026-04-16
2026-04-16T13:00,9,11.4,1,3600.0,39.9,13,0.0,0,2026-04-16
2026-04-16T14:00,10,12.2,1,3600.0,39.8,24,0.0,1,2026-04-16
2026-04-16T15:00,10,13.1,1,3600.0,39.8,100,0.0,3,2026-04-16
2026-04-16T16:00,11,14.3,1,3600.0,38.9,100,0.0,3,2026-04-16
2026-04-16T17:00,10,12.2,1,3600.0,38.9,100,0.0,3,2026-04-16
2026-04-16T18:00,12,9.3,1,578.39,37.6,100,0.0,3,2026-04-16
2026-04-16T19:00,15,4.7,0,0.0,35.6,99,0.0,3,2026-04-16
2026-04-16T20:00,18,8.4,0,0.0,34.0,77,0.0,2,2026-04-16
2026-04-16T21:00,23,5.9,0,0.0,32.3,98,0.0,3,2026-04-16
2026-04-16T22:00,29,3.7,0,0.0,30.2,100,0.0,3,2026-04-16
2026-04-16T23:00,27,5.9,0,0.0,30.6,98,0.0,3,2026-04-16
2026-04-17T00:00,28,5.8,0,0.0,29.4,100,0.0,3,2026-04-17
2026-04-17T01:00,29,4.8,0,0.0,28.4,100,0.0,3,2026-04-17
2026-04-17T02:00,31,3.1,0,0.0,28.1,83,0.0,3,2026-04-17
2026-04-17T03:00,31,4.0,0,0.0,27.7,82,0.0,3,2026-04-17
2026-04-17T04:00,32,2.7,0,0.0,26.9,98,0.0,3,2026-04-17
2026-04-17T05:00,36,6.7,0,0.0,26.3,95,0.0,3,2026-04-17
2026-04-17T06:00,31,5.0,1,0.0,27.9,99,0.0,3,2026-04-17
2026-04-17T07:00,27,9.2,1,2068.7,29.9,100,0.0,3,2026-04-17
2026-04-17T08:00,22,6.8,1,3600.0,33.1,100,0.0,3,2026-04-17
2026-04-17T09:00,18,7.8,1,3600.0,35.4,100,0.0,3,2026-04-17
2026-04-17T10:00,16,9.2,1,3600.0,37.1,100,0.0,3,2026-04-17
2026-04-17T11:00,13,7.3,1,3600.0,39.3,100,0.0,3,2026-04-17
2026-04-17T12:00,12,8.9,1,3600.0,38.8,98,0.0,3,2026-04-17
2026-04-17T13:00,12,8.8,1,3600.0,39.8,55,0.0,2,2026-04-17
2026-04-17T14:00,11,11.2,1,3600.0,40.2,67,0.0,2,2026-04-17
2026-04-17T15:00,13,14.8,1,3600.0,39.1,98,0.0,3,2026-04-17
2026-04-17T16:00,15,14.4,1,3600.0,38.3,44,0.0,1,2026-04-17
2026-04-17T17:00,27,6.6,1,3600.0,33.6,28,0.0,1,2026-04-17
2026-04-17T18:00,28,12.9,1,1996.8,32.8,30,0.0,1,2026-04-17
2026-04-17T19:00,30,9.3,0,0.0,31.4,13,0.0,0,2026-04-17
2026-04-17T20:00,30,8.4,0,0.0,30.5,38,0.0,1,2026-04-17
2026-04-17T21:00,32,6.9,0,0.0,29.7,5,0.0,0,2026-04-17
2026-04-17T22:00,32,5.0,0,0.0,29.1,0,0.0,0,2026-04-17
2026-04-17T23:00,38,5.2,0,0.0,28.5,0,0.0,0,2026-04-17
2026-04-18T00:00,39,5.7,0,0.0,27.7,1,0.0,0,2026-04-18
2026-04-18T01:00,44,2.5,0,0.0,26.7,61,0.0,2,2026-04-18
2026-04-18T02:00,43,0.9,0,0.0,26.8,32,0.0,1,2026-04-18
2026-04-18T03:00,42,5.7,0,0.0,26.2,96,0.0,3,2026-04-18
2026-04-18T04:00,45,4.8,0,0.0,25.2,31,0.0,1,2026-04-18
2026-04-18T05:00,52,5.8,0,0.0,25.3,16,0.0,0,2026-04-18
2026-04-18T06:00,55,5.7,1,0.0,25.0,38,0.0,1,2026-04-18
2026-04-18T07:00,52,4.6,1,3600.0,26.2,19,0.0,0,2026-04-18
2026-04-18T08:00,44,4.3,1,3600.0,29.0,2,0.0,0,2026-04-18
2026-04-18T09:00,34,5.1,1,3600.0,32.1,16,0.0,0,2026-04-18
2026-04-18T10:00,27,5.7,1,3600.0,34.9,44,0.0,1,2026-04-18
2026-04-18T11:00,22,7.3,1,3600.0,36.8,8,0.0,0,2026-04-18
2026-04-18T12:00,16,9.9,1,3600.0,39.0,0,0.0,0,2026-04-18
2026-04-18T13:00,14,10.6,1,3600.0,39.8,1,0.0,0,2026-04-18
2026-04-18T14:00,13,11.4,1,3600.0,40.2,3,0.0,0,2026-04-18
2026-04-18T15:00,13,11.4,1,3600.0,40.0,3,0.0,0,2026-04-18
2026-04-18T16:00,15,10.3,1,3600.0,39.5,13,0.0,0,2026-04-18
2026-04-18T17:00,13,7.5,1,3600.0,39.0,7,0.0,0,2026-04-18
2026-04-18T18:00,13,6.8,1,3382.38,37.9,98,0.0,3,2026-04-18
2026-04-18T19:00,15,5.0,0,0.0,35.8,100,0.0,3,2026-04-18
2026-04-18T20:00,18,4.8,0,0.0,34.5,98,0.0,3,2026-04-18
2026-04-18T21:00,21,4.2,0,0.0,33.3,98,0.0,3,2026-04-18
2026-04-18T22:00,22,4.0,0,0.0,32.4,86,0.0,3,2026-04-18
2026-04-18T23:00,23,2.8,0,0.0,32.5,91,0.0,3,2026-04-18
2026-04-19T00:00,25,5.0,0,0.0,30.5,100,0.0,3,2026-04-19
2026-04-19T01:00,26,4.7,0,0.0,29.5,88,0.0,3,2026-04-19
2026-04-19T02:00,28,5.2,0,0.0,28.5,48,0.0,1,2026-04-19
2026-04-19T03:00,31,5.2,0,0.0,27.4,95,0.0,3,2026-04-19
2026-04-19T04:00,34,4.5,0,0.0,26.3,100,0.0,3,2026-04-19
2026-04-19T05:00,43,5.5,0,0.0,26.0,99,0.0,3,2026-04-19
2026-04-19T06:00,42,5.7,1,0.0,26.6,100,0.0,3,2026-04-19
2026-04-19T07:00,38,4.9,1,0.0,28.2,100,0.0,3,2026-04-19
2026-04-19T08:00,31,4.7,1,3600.0,31.4,70,0.0,2,2026-04-19
2026-04-19T09:00,26,6.3,1,3600.0,34.3,82,0.0,3,2026-04-19
2026-04-19T10:00,22,6.1,1,3600.0,36.8,81,0.0,3,2026-04-19
2026-04-19T11:00,14,9.8,1,3600.0,39.1,68,0.0,2,2026-04-19
2026-04-19T12:00,12,11.2,1,3600.0,40.1,90,0.0,3,2026-04-19
2026-04-19T13:00,12,18.1,1,3600.0,39.2,98,0.0,3,2026-04-19
2026-04-19T14:00,11,11.8,1,3600.0,39.5,95,0.0,3,2026-04-19
2026-04-19T15:00,11,10.4,1,3600.0,39.8,98,0.0,3,2026-04-19
2026-04-19T16:00,12,13.2,1,3600.0,38.7,99,0.0,3,2026-04-19
2026-04-19T17:00,11,13.7,1,3373.29,38.6,15,0.0,0,2026-04-19
2026-04-19T18:00,12,9.3,1,2439.79,37.5,7,0.0,0,2026-04-19
2026-04-19T19:00,14,4.9,0,0.0,35.5,0,0.0,0,2026-04-19
2026-04-19T20:00,16,4.5,0,0.0,34.1,0,0.0,0,2026-04-19
2026-04-19T21:00,16,8.2,0,0.0,33.8,0,0.0,0,2026-04-19
2026-04-19T22:00,17,11.2,0,0.0,32.7,0,0.0,0,2026-04-19
2026-04-19T23:00,22,8.5,0,0.0,31.1,0,0.0,0,2026-04-19
2026-04-20T00:00,25,7.2,0,0.0,30.2,0,0.0,0,2026-04-20
2026-04-20T01:00,27,7.0,0,0.0,29.2,0,0.0,0,2026-04-20
2026-04-20T02:00,30,5.3,0,0.0,28.1,0,0.0,0,2026-04-20
2026-04-20T03:00,31,5.4,0,0.0,27.5,0,0.0,0,2026-04-20
2026-04-20T04:00,33,5.2,0,0.0,26.7,0,0.0,0,2026-04-20
2026-04-20T05:00,41,7.3,0,0.0,26.8,0,0.0,0,2026-04-20
2026-04-20T06:00,42,8.0,1,0.0,27.0,0,0.0,0,2026-04-20
2026-04-20T07:00,39,6.2,1,3600.0,28.3,0,0.0,0,2026-04-20
2026-04-20T08:00,35,6.0,1,3600.0,30.4,0,0.0,0,2026-04-20
2026-04-20T09:00,28,6.5,1,3600.0,33.5,0,0.0,0,2026-04-20
2026-04-20T10:00,19,9.8,1,3600.0,36.4,0,0.0,0,2026-04-20
2026-04-20T11:00,15,10.7,1,3600.0,38.0,6,0.0,0,2026-04-20
2026-04-20T12:00,13,11.9,1,3600.0,39.2,12,0.0,0,2026-04-20
2026-04-20T13:00,11,15.6,1,3600.0,39.6,46,0.0,1,2026-04-20
2026-04-20T14:00,11,16.1,1,3600.0,38.9,19,0.0,0,2026-04-20
2026-04-20T15:00,10,15.9,1,3600.0,38.9,15,0.0,0,2026-04-20
2026-04-20T16:00,11,15.5,1,3600.0,38.4,1,0.0,0,2026-04-20
2026-04-20T17:00,12,16.5,1,3600.0,37.8,1,0.0,0,2026-04-20
2026-04-20T18:00,14,14.2,1,3090.62,36.5,0,0.0,0,2026-04-20
2026-04-20T19:00,15,12.2,0,0.0,34.8,0,0.0,0,2026-04-20
2026-04-20T20:00,15,9.5,0,0.0,33.4,0,0.0,0,2026-04-20
2026-04-20T21:00,16,8.0,0,0.0,31.9,0,0.0,0,2026-04-20
2026-04-20T22:00,17,7.6,0,0.0,30.8,9,0.0,0,2026-04-20
2026-04-20T23:00,17,7.4,0,0.0,30.1,100,0.0,3,2026-04-20
2026-04-21T00:00,15,9.4,0,0.0,29.9,17,0.0,0,2026-04-21
2026-04-21T01:00,16,6.9,0,0.0,28.8,0,0.0,0,2026-04-21
2026-04-21T02:00,18,5.7,0,0.0,27.3,0,0.0,0,2026-04-21
2026-04-21T03:00,19,5.6,0,0.0,26.7,0,0.0,0,2026-04-21
2026-04-21T04:00,21,5.3,0,0.0,26.0,0,0.0,0,2026-04-21
2026-04-21T05:00,26,5.4,0,0.0,26.2,0,0.0,0,2026-04-21
2026-04-21T06:00,25,5.1,1,0.0,26.4,0,0.0,0,2026-04-21
2026-04-21T07:00,24,7.9,1,3600.0,27.9,0,0.0,0,2026-04-21
2026-04-21T08:00,21,7.6,1,3600.0,30.4,0,0.0,0,2026-04-21
2026-04-21T09:00,19,7.9,1,3600.0,33.1,0,0.0,0,2026-04-21
2026-04-21T10:00,17,10.3,1,3600.0,35.5,0,0.0,0,2026-04-21
2026-04-21T11:00,14,15.9,1,3600.0,37.3,0,0.0,0,2026-04-21
2026-04-21T12:00,13,18.4,1,3600.0,38.3,0,0.0,0,2026-04-21
2026-04-21T13:00,13,18.9,1,3600.0,38.6,0,0.0,0,2026-04-21
2026-04-21T14:00,13,18.8,1,3600.0,38.6,0,0.0,0,2026-04-21
2026-04-21T15:00,13,18.8,1,3600.0,38.4,0,0.0,0,2026-04-21
2026-04-21T16:00,13,18.6,1,3600.0,38.0,0,0.0,0,2026-04-21
2026-04-21T17:00,14,17.0,1,3600.0,37.5,2,0.0,0,2026-04-21
2026-04-21T18:00,15,16.0,1,3208.92,36.6,39,0.0,1,2026-04-21
2026-04-21T19:00,16,12.6,0,0.0,35.2,4,0.0,0,2026-04-21
2026-04-21T20:00,18,10.3,0,0.0,34.0,0,0.0,0,2026-04-21
2026-04-21T21:00,20,9.5,0,0.0,33.0,0,0.0,0,2026-04-21
2026-04-21T22:00,21,6.8,0,0.0,32.3,0,0.0,0,2026-04-21
2026-04-21T23:00,23,8.2,0,0.0,31.7,1,0.0,0,2026-04-21
2026-04-22T00:00,28,4.8,0,0.0,29.4,5,0.0,0,2026-04-22
2026-04-22T01:00,31,4.2,0,0.0,28.5,51,0.0,2,2026-04-22
2026-04-22T02:00,30,4.6,0,0.0,28.3,94,0.0,3,2026-04-22
2026-04-22T03:00,31,4.2,0,0.0,27.9,85,0.0,3,2026-04-22
2026-04-22T04:00,30,5.6,0,0.0,27.2,27,0.0,1,2026-04-22
2026-04-22T05:00,36,7.5,0,0.0,26.0,1,0.0,0,2026-04-22
2026-04-22T06:00,36,6.9,1,0.0,26.1,0,0.0,0,2026-04-22
2026-04-22T07:00,34,8.0,1,3600.0,27.5,0,0.0,0,2026-04-22
2026-04-22T08:00,29,8.9,1,3600.0,30.1,0,0.0,0,2026-04-22
2026-04-22T09:00,21,10.2,1,3600.0,33.7,0,0.0,0,2026-04-22
2026-04-22T10:00,17,12.3,1,3600.0,36.4,0,0.0,0,2026-04-22
2026-04-22T11:00,14,14.6,1,3600.0,38.1,0,0.0,0,2026-04-22
2026-04-22T12:00,12,16.4,1,3600.0,39.4,0,0.0,0,2026-04-22
2026-04-22T13:00,11,16.7,1,3600.0,40.0,0,0.0,0,2026-04-22
2026-04-22T14:00,11,16.3,1,3600.0,40.3,0,0.0,0,2026-04-22
2026-04-22T15:00,11,15.9,1,3600.0,40.3,0,0.0,0,2026-04-22
2026-04-22T16:00,11,15.9,1,3600.0,39.8,0,0.0,0,2026-04-22
2026-04-22T17:00,12,14.3,1,3600.0,39.5,0,0.0,0,2026-04-22
2026-04-22T18:00,13,8.6,1,3153.95,38.1,0,0.0,0,2026-04-22
2026-04-22T19:00,15,7.3,0,0.0,36.2,0,0.0,0,2026-04-22
2026-04-22T20:00,17,6.5,0,0.0,34.7,0,0.0,0,2026-04-22
2026-04-22T21:00,18,6.6,0,0.0,33.8,0,0.0,0,2026-04-22
2026-04-22T22:00,21,4.5,0,0.0,32.1,0,0.0,0,2026-04-22
2026-04-22T23:00,22,7.2,0,0.0,31.5,0,0.0,0,2026-04-22
2026-04-23T00:00,25,5.9,0,0.0,30.1,0,0.0,0,2026-04-23
2026-04-23T01:00,26,6.5,0,0.0,29.1,0,0.0,0,2026-04-23
2026-04-23T02:00,27,7.2,0,0.0,28.4,0,0.0,0,2026-04-23
2026-04-23T03:00,27,9.7,0,0.0,27.9,0,0.0,0,2026-04-23
2026-04-23T04:00,25,9.9,0,0.0,28.0,0,0.0,0,2026-04-23
2026-04-23T05:00,22,11.8,0,0.0,28.2,0,0.0,0,2026-04-23
2026-04-23T06:00,20,11.7,1,0.0,28.3,0,0.0,0,2026-04-23
2026-04-23T07:00,18,10.0,1,3600.0,29.5,0,0.0,0,2026-04-23
2026-04-23T08:00,16,10.4,1,3600.0,31.7,0,0.0,0,2026-04-23
2026-04-23T09:00,15,11.0,1,3600.0,34.1,0,0.0,0,2026-04-23
2026-04-23T10:00,14,11.0,1,3600.0,36.5,0,0.0,0,2026-04-23
2026-04-23T11:00,13,12.6,1,3600.0,38.5,0,0.0,0,2026-04-23
2026-04-23T12:00,12,11.6,1,3600.0,40.0,0,0.0,0,2026-04-23
2026-04-23T13:00,11,9.0,1,3600.0,40.9,0,0.0,0,2026-04-23
2026-04-23T14:00,11,8.3,1,3600.0,41.2,0,0.0,0,2026-04-23
2026-04-23T15:00,11,9.6,1,3600.0,41.0,0,0.0,0,2026-04-23
2026-04-23T16:00,11,10.7,1,3600.0,40.4,0,0.0,0,2026-04-23
2026-04-23T17:00,12,10.4,1,3600.0,39.4,0,0.0,0,2026-04-23
2026-04-23T18:00,14,8.3,1,2931.33,38.3,0,0.0,0,2026-04-23
2026-04-23T19:00,16,6.3,0,0.0,36.8,0,0.0,0,2026-04-23
2026-04-23T20:00,18,6.1,0,0.0,35.1,0,0.0,0,2026-04-23
2026-04-23T21:00,21,8.0,0,0.0,33.5,0,0.0,0,2026-04-23
2026-04-23T22:00,21,5.3,0,0.0,32.5,0,0.0,0,2026-04-23
2026-04-23T23:00,26,5.2,0,0.0,31.5,0,0.0,0,2026-04-23
2026-04-24T00:00,27,4.4,0,0.0,30.3,0,0.0,0,2026-04-24
2026-04-24T01:00,33,3.4,0,0.0,29.2,0,0.0,0,2026-04-24
2026-04-24T02:00,29,8.0,0,0.0,29.3,0,0.0,0,2026-04-24
2026-04-24T03:00,30,5.9,0,0.0,28.5,0,0.0,0,2026-04-24
2026-04-24T04:00,30,7.7,0,0.0,28.3,0,0.0,0,2026-04-24
2026-04-24T05:00,39,4.3,0,0.0,27.5,0,0.0,0,2026-04-24
2026-04-24T06:00,31,7.4,1,0.0,28.4,0,0.0,0,2026-04-24
2026-04-24T07:00,29,7.2,1,3600.0,29.7,0,0.0,0,2026-04-24
2026-04-24T08:00,27,6.1,1,3600.0,31.9,0,0.0,0,2026-04-24
2026-04-24T09:00,24,6.7,1,3600.0,34.9,0,0.0,0,2026-04-24
2026-04-24T10:00,20,5.9,1,3600.0,37.7,10,0.0,0,2026-04-24
2026-04-24T11:00,16,5.0,1,3600.0,39.6,0,0.0,0,2026-04-24
2026-04-24T12:00,13,7.8,1,3600.0,41.4,12,0.0,0,2026-04-24
2026-04-24T13:00,13,9.4,1,3600.0,42.0,52,0.0,2,2026-04-24
2026-04-24T14:00,13,10.3,1,3600.0,41.6,74,0.0,2,2026-04-24
2026-04-24T15:00,13,11.0,1,3600.0,41.7,88,0.0,3,2026-04-24
2026-04-24T16:00,13,12.6,1,3600.0,41.2,70,0.0,2,2026-04-24
2026-04-24T17:00,10,9.2,1,3600.0,41.1,94,0.0,3,2026-04-24
2026-04-24T18:00,12,7.5,1,540.38,39.5,64,0.0,2,2026-04-24
2026-04-24T19:00,21,3.5,0,0.0,36.6,1,0.0,0,2026-04-24
2026-04-24T20:00,23,1.1,0,0.0,36.0,0,0.0,0,2026-04-24
2026-04-24T21:00,25,3.6,0,0.0,34.4,0,0.0,0,2026-04-24
2026-04-24T22:00,21,7.0,0,0.0,33.5,0,0.0,0,2026-04-24
2026-04-24T23:00,29,3.5,0,0.0,32.5,0,0.0,0,2026-04-24
2026-04-25T00:00,32,4.7,0,0.0,31.8,0,0.0,0,2026-04-25
2026-04-25T01:00,30,5.8,0,0.0,31.0,0,0.0,0,2026-04-25
2026-04-25T02:00,29,5.5,0,0.0,30.2,0,0.0,0,2026-04-25
2026-04-25T03:00,31,5.3,0,0.0,29.5,34,0.0,1,2026-04-25
2026-04-25T04:00,33,5.0,0,0.0,29.1,0,0.0,0,2026-04-25
2026-04-25T05:00,41,3.4,0,0.0,29.1,0,0.0,0,2026-04-25
2026-04-25T06:00,37,3.9,1,0.0,29.9,0,0.0,0,2026-04-25
2026-04-25T07:00,33,8.5,1,3600.0,31.1,0,0.0,0,2026-04-25
2026-04-25T08:00,30,7.7,1,3600.0,32.9,0,0.0,0,2026-04-25
2026-04-25T09:00,25,6.8,1,3600.0,35.9,0,0.0,0,2026-04-25
2026-04-25T10:00,20,8.1,1,3600.0,38.9,0,0.0,0,2026-04-25
2026-04-25T11:00,14,10.4,1,3600.0,40.8,20,0.0,1,2026-04-25
2026-04-25T12:00,13,11.7,1,3600.0,41.9,29,0.0,1,2026-04-25
2026-04-25T13:00,12,14.2,1,3600.0,42.3,80,0.0,3,2026-04-25
2026-04-25T14:00,13,15.4,1,3600.0,42.1,95,0.0,3,2026-04-25
2026-04-25T15:00,12,17.9,1,3600.0,41.7,94,0.0,3,2026-04-25
2026-04-25T16:00,13,17.8,1,3600.0,41.5,99,0.0,3,2026-04-25
2026-04-25T17:00,13,16.1,1,2188.41,41.1,98,0.0,3,2026-04-25
2026-04-25T18:00,14,14.4,1,0.0,39.4,100,0.0,3,2026-04-25
2026-04-25T19:00,16,11.0,0,0.0,37.9,84,0.0,3,2026-04-25
2026-04-25T20:00,17,10.7,0,0.0,36.6,9,0.0,0,2026-04-25
2026-04-25T21:00,19,7.6,0,0.0,35.1,30,0.0,1,2026-04-25
2026-04-25T22:00,22,5.7,0,0.0,33.7,99,0.0,3,2026-04-25
2026-04-25T23:00,25,5.7,0,0.0,33.3,100,0.0,3,2026-04-25
2026-04-26T00:00,26,5.6,0,0.0,32.7,88,0.0,3,2026-04-26
2026-04-26T01:00,29,5.5,0,0.0,31.9,43,0.0,1,2026-04-26
2026-04-26T02:00,31,5.0,0,0.0,31.1,0,0.0,0,2026-04-26
2026-04-26T03:00,32,5.5,0,0.0,30.4,0,0.0,0,2026-04-26
2026-04-26T04:00,33,6.2,0,0.0,29.6,0,0.0,0,2026-04-26
2026-04-26T05:00,38,5.7,0,0.0,28.8,0,0.0,0,2026-04-26
2026-04-26T06:00,36,6.8,1,0.0,29.3,0,0.0,0,2026-04-26
2026-04-26T07:00,34,6.9,1,3600.0,30.6,0,0.0,0,2026-04-26
2026-04-26T08:00,30,6.4,1,3600.0,33.2,0,0.0,0,2026-04-26
2026-04-26T09:00,26,7.3,1,3600.0,36.0,0,0.0,0,2026-04-26
2026-04-26T10:00,21,9.7,1,3600.0,38.3,0,0.0,0,2026-04-26
2026-04-26T11:00,19,12.0,1,3600.0,40.0,10,0.0,0,2026-04-26
2026-04-26T12:00,17,14.5,1,3600.0,41.0,46,0.0,1,2026-04-26
2026-04-26T13:00,16,15.5,1,3600.0,41.6,59,0.0,2,2026-04-26
2026-04-26T14:00,15,16.3,1,3600.0,41.2,78,0.0,2,2026-04-26
2026-04-26T15:00,16,20.7,1,3600.0,40.0,100,0.0,3,2026-04-26
2026-04-26T16:00,17,17.6,1,1512.45,39.5,95,0.0,3,2026-04-26
2026-04-26T17:00,15,15.8,1,3600.0,40.5,91,0.0,3,2026-04-26
2026-04-26T18:00,16,12.0,1,1473.72,39.2,52,0.0,2,2026-04-26
2026-04-26T19:00,17,9.3,0,0.0,37.5,99,0.0,3,2026-04-26
2026-04-26T20:00,18,9.4,0,0.0,36.5,9,0.0,0,2026-04-26
2026-04-26T21:00,19,7.7,0,0.0,35.4,1,0.0,0,2026-04-26
2026-04-26T22:00,20,7.2,0,0.0,34.5,0,0.0,0,2026-04-26
2026-04-26T23:00,23,6.4,0,0.0,33.4,0,0.0,0,2026-04-26
2026-04-27T00:00,26,5.2,0,0.0,31.7,0,0.0,0,2026-04-27
2026-04-27T01:00,33,3.3,0,0.0,30.7,4,0.0,0,2026-04-27
2026-04-27T02:00,33,3.5,0,0.0,30.1,77,0.0,2,2026-04-27
2026-04-27T03:00,33,4.5,0,0.0,29.2,100,0.0,3,2026-04-27
2026-04-27T04:00,36,4.1,0,0.0,28.6,71,0.0,2,2026-04-27
2026-04-27T05:00,36,4.8,0,0.0,29.0,100,0.0,3,2026-04-27
2026-04-27T06:00,31,4.4,1,0.0,29.9,97,0.0,3,2026-04-27
2026-04-27T07:00,27,4.6,1,3600.0,31.7,40,0.0,1,2026-04-27
2026-04-27T08:00,23,4.6,1,3600.0,34.1,0,0.0,0,2026-04-27
2026-04-27T09:00,19,5.9,1,3600.0,36.6,0,0.0,0,2026-04-27
2026-04-27T10:00,15,7.3,1,3600.0,38.8,0,0.0,0,2026-04-27
2026-04-27T11:00,15,9.0,1,3600.0,39.9,0,0.0,0,2026-04-27
2026-04-27T12:00,14,10.4,1,3600.0,41.3,10,0.0,0,2026-04-27
2026-04-27T13:00,14,12.9,1,3600.0,42.1,8,0.0,0,2026-04-27
2026-04-27T14:00,14,15.0,1,3600.0,42.2,13,0.0,0,2026-04-27
2026-04-27T15:00,14,18.3,1,3600.0,41.8,45,0.0,1,2026-04-27
2026-04-27T16:00,13,19.8,1,3600.0,41.2,98,0.0,3,2026-04-27
2026-04-27T17:00,12,14.2,1,3600.0,40.6,77,0.0,2,2026-04-27
2026-04-27T18:00,13,10.7,1,2088.09,39.6,100,0.0,3,2026-04-27
2026-04-27T19:00,14,11.0,0,0.0,38.3,100,0.0,3,2026-04-27
2026-04-27T20:00,14,16.1,0,0.0,38.0,100,0.0,3,2026-04-27
2026-04-27T21:00,26,21.6,0,0.0,33.6,100,0.0,3,2026-04-27
2026-04-27T22:00,27,19.6,0,0.0,33.2,100,0.0,3,2026-04-27
2026-04-27T23:00,28,13.8,0,0.0,32.6,100,0.0,3,2026-04-27
2026-04-28T00:00,32,6.6,0,0.0,31.5,100,0.0,3,2026-04-28
2026-04-28T01:00,33,7.7,0,0.0,31.0,99,0.0,3,2026-04-28
2026-04-28T02:00,35,11.9,0,0.0,30.5,98,0.0,3,2026-04-28
2026-04-28T03:00,35,12.4,0,0.0,30.3,98,0.0,3,2026-04-28
2026-04-28T04:00,33,12.0,0,0.0,30.5,100,0.0,3,2026-04-28
2026-04-28T05:00,39,7.7,0,0.0,29.7,90,0.0,3,2026-04-28
2026-04-28T06:00,39,9.1,1,0.0,30.1,73,0.0,2,2026-04-28
2026-04-28T07:00,38,8.9,1,1885.02,30.7,22,0.0,1,2026-04-28
2026-04-28T08:00,35,9.5,1,3600.0,32.5,11,0.0,0,2026-04-28
2026-04-28T09:00,31,8.6,1,3600.0,34.5,15,0.0,0,2026-04-28
2026-04-28T10:00,26,8.6,1,3600.0,36.4,8,0.0,0,2026-04-28
2026-04-28T11:00,25,9.7,1,3600.0,37.0,5,0.0,0,2026-04-28
2026-04-28T12:00,27,7.5,1,3600.0,36.1,74,0.0,2,2026-04-28
2026-04-28T13:00,26,3.7,1,3600.0,36.6,70,0.0,2,2026-04-28
2026-04-28T14:00,24,2.4,1,3600.0,37.1,70,0.0,2,2026-04-28
2026-04-28T15:00,24,5.2,1,3600.0,36.4,97,0.0,3,2026-04-28
2026-04-28T16:00,26,6.2,1,2545.59,35.3,98,0.0,3,2026-04-28
2026-04-28T17:00,25,4.6,1,1619.46,35.9,87,0.0,3,2026-04-28
2026-04-28T18:00,25,6.7,1,605.41,35.2,25,0.0,1,2026-04-28
2026-04-28T19:00,28,4.6,0,0.0,33.8,3,0.0,0,2026-04-28
2026-04-28T20:00,30,6.0,0,0.0,33.0,7,0.0,0,2026-04-28
2026-04-28T21:00,32,6.2,0,0.0,32.3,23,0.0,1,2026-04-28
2026-04-28T22:00,40,4.1,0,0.0,30.8,12,0.0,0,2026-04-28
2026-04-28T23:00,40,9.0,0,0.0,30.8,80,0.0,3,2026-04-28
2026-04-29T00:00,49,2.3,0,0.0,30.4,55,0.0,2,2026-04-29
2026-04-29T01:00,43,11.5,0,0.0,30.6,34,0.0,1,2026-04-29
2026-04-29T02:00,44,6.5,0,0.0,29.2,37,0.0,1,2026-04-29
2026-04-29T03:00,50,2.3,0,0.0,28.3,90,0.0,3,2026-04-29
2026-04-29T04:00,50,3.8,0,0.0,28.0,98,0.0,3,2026-04-29
2026-04-29T05:00,58,10.9,0,0.0,27.6,100,0.0,3,2026-04-29
2026-04-29T06:00,58,7.4,1,0.0,27.0,100,0.0,3,2026-04-29
2026-04-29T07:00,55,4.2,1,0.0,27.9,100,0.0,3,2026-04-29
2026-04-29T08:00,45,2.9,1,3600.0,30.3,99,0.0,3,2026-04-29
2026-04-29T09:00,39,6.1,1,85.08,31.4,95,0.0,3,2026-04-29
2026-04-29T10:00,29,6.8,1,3600.0,34.1,88,0.0,3,2026-04-29
2026-04-29T11:00,29,9.1,1,3600.0,33.7,64,0.0,2,2026-04-29
2026-04-29T12:00,24,7.2,1,3600.0,35.3,36,0.0,1,2026-04-29
2026-04-29T13:00,22,4.4,1,3600.0,36.3,24,0.0,1,2026-04-29
2026-04-29T14:00,21,2.1,1,3600.0,37.0,33,0.0,1,2026-04-29
2026-04-29T15:00,21,0.9,1,3600.0,37.1,16,0.0,0,2026-04-29
2026-04-29T16:00,21,3.5,1,3600.0,37.1,34,0.0,1,2026-04-29
2026-04-29T17:00,25,6.0,1,3600.0,34.6,27,0.0,1,2026-04-29
2026-04-29T18:00,27,8.2,1,1851.35,33.8,9,0.0,0,2026-04-29
2026-04-29T19:00,29,9.4,0,0.0,32.9,5,0.0,0,2026-04-29
2026-04-29T20:00,31,8.3,0,0.0,31.9,1,0.0,0,2026-04-29
2026-04-29T21:00,33,5.0,0,0.0,31.1,0,0.0,0,2026-04-29
2026-04-29T22:00,36,4.6,0,0.0,30.2,0,0.0,0,2026-04-29
2026-04-29T23:00,41,5.8,0,0.0,29.6,0,0.0,0,2026-04-29
2026-04-30T00:00,48,3.6,0,0.0,28.5,0,0.0,0,2026-04-30
2026-04-30T01:00,46,3.8,0,0.0,28.2,6,0.0,0,2026-04-30
2026-04-30T02:00,50,3.5,0,0.0,27.8,0,0.0,0,2026-04-30
2026-04-30T03:00,51,3.2,0,0.0,27.3,0,0.0,0,2026-04-30
2026-04-30T04:00,51,3.6,0,0.0,26.9,0,0.0,0,2026-04-30
2026-04-30T05:00,58,4.2,0,0.0,26.4,0,0.0,0,2026-04-30
2026-04-30T06:00,51,6.6,1,0.0,27.6,0,0.0,0,2026-04-30
2026-04-30T07:00,47,6.7,1,3600.0,29.2,12,0.0,0,2026-04-30
2026-04-30T08:00,40,6.7,1,3600.0,32.0,9,0.0,0,2026-04-30
2026-04-30T09:00,32,9.2,1,3600.0,34.2,41,0.0,1,2026-04-30
2026-04-30T10:00,28,8.5,1,3600.0,35.5,9,0.0,0,2026-04-30
2026-04-30T11:00,19,6.1,1,3600.0,35.9,68,0.0,2,2026-04-30
2026-04-30T12:00,17,9.1,1,3600.0,37.7,52,0.0,2,2026-04-30
2026-04-30T13:00,17,6.3,1,3600.0,37.2,62,0.0,2,2026-04-30
2026-04-30T14:00,26,11.4,1,3600.0,35.2,70,0.5,53,2026-04-30
2026-04-30T15:00,27,12.6,1,3600.0,34.4,56,0.4,51,2026-04-30
2026-04-30T16:00,23,10.4,1,3600.0,34.5,22,0.0,1,2026-04-30
2026-04-30T17:00,41,13.8,1,3600.0,31.4,52,0.0,2,2026-04-30
2026-04-30T18:00,45,15.1,1,1815.23,30.0,13,0.0,0,2026-04-30
2026-04-30T19:00,47,15.1,0,0.0,29.2,2,0.0,0,2026-04-30
2026-04-30T20:00,51,12.5,0,0.0,28.5,15,0.0,0,2026-04-30
2026-04-30T21:00,53,10.3,0,0.0,28.2,3,0.0,0,2026-04-30
2026-04-30T22:00,55,9.9,0,0.0,27.8,2,0.0,0,2026-04-30
2026-04-30T23:00,61,8.7,0,0.0,25.4,3,0.0,0,2026-04-30
2026-05-01T00:00,63,12.0,0,0.0,24.6,0,0.0,0,2026-05-01
2026-05-01T01:00,63,12.3,0,0.0,24.2,0,0.0,0,2026-05-01
2026-05-01T02:00,64,11.6,0,0.0,23.8,0,0.0,0,2026-05-01
2026-05-01T03:00,66,9.9,0,0.0,23.4,0,0.0,0,2026-05-01
2026-05-01T04:00,69,7.6,0,0.0,23.1,0,0.0,0,2026-05-01
2026-05-01T05:00,71,10.1,0,0.0,23.3,0,0.0,0,2026-05-01
2026-05-01T06:00,71,8.0,1,0.0,23.5,0,0.0,0,2026-05-01
2026-05-01T07:00,68,8.0,1,3600.0,24.5,15,0.0,0,2026-05-01
2026-05-01T08:00,64,9.3,1,3600.0,26.1,2,0.0,0,2026-05-01
2026-05-01T09:00,57,10.2,1,3600.0,28.1,0,0.0,0,2026-05-01
2026-05-01T10:00,51,9.7,1,3600.0,30.0,0,0.0,0,2026-05-01
2026-05-01T11:00,45,9.2,1,3600.0,31.5,0,0.0,0,2026-05-01
2026-05-01T12:00,39,8.1,1,3600.0,33.4,0,0.0,0,2026-05-01
2026-05-01T13:00,36,6.6,1,3600.0,34.6,2,0.0,0,2026-05-01
2026-05-01T14:00,32,3.8,1,3600.0,35.6,19,0.0,0,2026-05-01
2026-05-01T15:00,29,2.4,1,3600.0,36.1,14,0.0,0,2026-05-01
2026-05-01T16:00,25,5.1,1,3600.0,36.6,16,0.0,0,2026-05-01
2026-05-01T17:00,33,9.8,1,3600.0,33.7,7,0.0,0,2026-05-01
2026-05-01T18:00,34,9.2,1,2246.85,33.0,38,0.0,1,2026-05-01
2026-05-01T19:00,35,6.4,0,0.0,32.3,100,0.0,3,2026-05-01
2026-05-01T20:00,37,8.3,0,0.0,31.6,2,0.0,0,2026-05-01
2026-05-01T21:00,41,7.3,0,0.0,30.5,0,0.0,0,2026-05-01
2026-05-01T22:00,44,6.6,0,0.0,29.5,0,0.0,0,2026-05-01
2026-05-01T23:00,48,8.9,0,0.0,29.0,0,0.0,0,2026-05-01
2026-05-02T00:00,49,8.9,0,0.0,28.5,0,0.0,0,2026-05-02
2026-05-02T01:00,51,7.5,0,0.0,28.0,0,0.0,0,2026-05-02
2026-05-02T02:00,53,7.0,0,0.0,27.4,0,0.0,0,2026-05-02
2026-05-02T03:00,54,6.9,0,0.0,27.1,4,0.0,0,2026-05-02
2026-05-02T04:00,52,6.5,0,0.0,26.9,13,0.0,0,2026-05-02
2026-05-02T05:00,62,8.6,0,0.0,26.3,5,0.0,0,2026-05-02
2026-05-02T06:00,60,3.5,1,0.0,27.0,32,0.0,1,2026-05-02
2026-05-02T07:00,55,3.0,1,3459.32,28.5,3,0.0,0,2026-05-02
2026-05-02T08:00,49,5.1,1,3600.0,30.6,5,0.0,0,2026-05-02
2026-05-02T09:00,40,7.4,1,3600.0,33.0,0,0.0,0,2026-05-02
2026-05-02T10:00,35,5.5,1,3600.0,34.7,0,0.0,0,2026-05-02
2026-05-02T11:00,31,7.2,1,3600.0,35.7,17,0.0,0,2026-05-02
2026-05-02T12:00,30,11.0,1,3600.0,36.1,27,0.0,1,2026-05-02
2026-05-02T13:00,38,10.6,1,3600.0,34.7,91,1.5,61,2026-05-02
2026-05-02T14:00,38,7.5,1,3600.0,33.5,43,0.8,53,2026-05-02
2026-05-02T15:00,32,6.1,1,3600.0,34.9,12,0.0,0,2026-05-02
2026-05-02T16:00,30,6.5,1,3600.0,35.4,23,0.0,1,2026-05-02
2026-05-02T17:00,31,14.5,1,3600.0,34.1,58,0.0,2,2026-05-02
2026-05-02T18:00,31,11.4,1,820.45,34.0,14,0.0,0,2026-05-02
2026-05-02T19:00,33,13.7,0,0.0,32.8,7,0.0,0,2026-05-02
2026-05-02T20:00,36,10.2,0,0.0,32.1,1,0.0,0,2026-05-02
2026-05-02T21:00,38,6.7,0,0.0,31.3,2,0.0,0,2026-05-02
2026-05-02T22:00,39,8.0,0,0.0,30.5,4,0.0,0,2026-05-02
2026-05-02T23:00,41,10.4,0,0.0,30.9,100,0.0,3,2026-05-02
